run_id,name,start_time,end_time,latency_s,inputs,outputs,error
01a04ce6-259f-7042-803f-72289ad4ee6e,benchmark_question,2026-08-29 09:42:26.463039+00:00,2026-08-29 09:42:26.473142+00:00,0.010103,"{'case_id': 'R8', 'chunk_size': 600, 'config_name': 'chunk_600', 'expected_lecture': 1, 'k': 3, 'question': 'What is the difference between the row picture and the column picture?', 'reranker_on': False}","{'case_id': 'R8', 'chunk_size': 600, 'config': 'chunk_600', 'evidence': [""chance to write down special matrices like this. This is a special matrix. All those rows lie on the same line. All those rows lie on the line through 1, 6. If I draw a picture of all these row vectors, they're all the same direction. If I draw a picture of these two column vectors, they're in the same direction. Later, I would use this language. I'm going not too much later either. I would say the row space, which is like all the combinations of the rows, is just a line for this matrix. The row space is the line through the vector"", ""here's a, so I call that column one. And what's going in there is a times column one. Okay, so that's the picture of column at a time. So what does that tell me? What does that tell me about these columns? These columns of C are combinations, because we've seen that before, of columns of A. Every one of these comes from A times this and A times a vector is a combination of the columns of A. And, right, and it makes sense, because the columns of A have length n and the columns of C have length n. And every column of C"", ""and the columns there are so short, but they're the same length, one inch. So what's the answer? What's the answer if I do 234 times 16? Just for practice. Well, what's the first row of the answer? 212. And the second row of the answer is 318. And the third row of the answer is 424. Actually, that's a very special matrix there. Very special matrix. What can you tell me about its columns, the columns of that matrix? They're multiples of this guy, right? They're multiples of that one. Which follows our rules? We said that the columns of the""], 'expected_lecture': 1, 'k': 3, 'latency_s': 0.0097, 'question': 'What is the difference between the row picture and the column picture?', 'reranker': False, 'reranker_latency_s': 0.0, 'retrieved_lectures': [3, 3, 3], 'timestamps': ['17:07', '08:39', '13:52'], 'top_lecture': 3, 'top_lecture_correct': False}",
01a04ce6-2594-70a0-a6b2-8af8149875b6,benchmark_question,2026-08-29 09:42:26.452554+00:00,2026-08-29 09:42:26.462704+00:00,0.01015,"{'case_id': 'R7', 'chunk_size': 600, 'config_name': 'chunk_600', 'expected_lecture': 4, 'k': 3, 'question': 'How is LU related to elimination?', 'reranker_on': False}","{'case_id': 'R7', 'chunk_size': 600, 'config': 'chunk_600', 'evidence': [""elimination that comes from matrix, doing it in matrix form. So it was a product of, of E's is, we can't see what that product of E's is. The, the matrix E is not particularly attractive. What's great is when we put them on the other side, they're inverses in the opposite order, there the L comes out just fine. Okay. Now, oh gosh, so today is a sort of like practical day. Can I, can we think together how expensive is elimination? How much, how many operations do we do? So what, so this is"", ""those multipliers were. And that gives me L. So, so I'll draw the, draw the, so let me, let me state it. So this is, this is the A equal L U. So if no row exchanges, the multipliers, those numbers that we multiplied rows by and subtracted when we did an elimination step, the multipliers go directly into L. Okay. So, so, so L is, this is the way to look at elimination. That the, you go through the elimination steps and actually, if you do it right, you can, you can throw away A as you create L and U. If you think about it, those steps of"", ""say some matrix A. Okay. Let's imagine it's 3 by 3. I won't write numbers down for now. So what's the first elimination step that I do, the first matrix I multiply it by? What letter will I use for that? It's the, it'll be e to what? Because it's the first step will be to get a, to get a 0 in that 2, 1 position. And then the next step will be to get a 0 in the 3, 1 position. And the final step will be to get a 0 in the 3, 2 position. That's what elimination is and it produces u. And again, no row exchange. We will, I'm taking""], 'expected_lecture': 4, 'k': 3, 'latency_s': 0.0098, 'question': 'How is LU related to elimination?', 'reranker': False, 'reranker_latency_s': 0.0, 'retrieved_lectures': [4, 4, 4], 'timestamps': ['25:36', '23:37', '14:10'], 'top_lecture': 4, 'top_lecture_correct': True}",
01a04ce6-258a-7762-b4ea-004a941266b1,benchmark_question,2026-08-29 09:42:26.442136+00:00,2026-08-29 09:42:26.452252+00:00,0.010116,"{'case_id': 'R6', 'chunk_size': 600, 'config_name': 'chunk_600', 'expected_lecture': 4, 'k': 3, 'question': 'In Lecture 4, why does the factorization A = LU matter?', 'reranker_on': False}","{'case_id': 'R6', 'chunk_size': 600, 'config': 'chunk_600', 'evidence': [""that we can now use. So now I put it to use. I put it to use by thinking we're, we're really completing the subject of elimination. Actually, I, the thing about elimination is it's, it's the right way to, to understand what the matrix has got. This a equal l u is the most basic factorization of a matrix. It's, it's, I always worry that you will think this course is just, is all elimination. It's just row operations. And please don't. It's, it will, will be beyond that. But it's the right, it's, it's the right algebra to do first. Okay, so now I'm coming near the end of it, but I want to get it"", ""But whatever that E times A is, what's E times A? It's I. That E, whatever the heck it was, multiplied A and produced I. So E must be, EA equaling I tells us what E is. Namely, it is the inverse of A. Great. And therefore, when the second half, when E multiplies I, it's E, but that's A inverse. You see the picture looking that way? E times A is the identity. It tells us what E has to be. It has to be the inverse. And therefore, on the right-hand side, where we just smartly tucked on the identity, it's turning in step by step. It's turning into A inverse. There is the statement of Gauss-Jordan "", ""So now what? Now the next point in the lecture is to put those steps together into a matrix that does it all, and see how it all happens. So now I'm going to express the whole everything we did today so far on A, was to start with A. We multiplied it by E two one. That was the first step. And then we multiplied that result by E three two. And that led us to this thing. And what was that matrix? U. You see why I like matrix notation? Because there in like little space, a few bits when it's compressed on the web is everything, is this whole lecture. OK. Now there are important facts about matrix""], 'expected_lecture': 4, 'k': 3, 'latency_s': 0.0098, 'question': 'In Lecture 4, why does the factorization A = LU matter?', 'reranker': False, 'reranker_latency_s': 0.0, 'retrieved_lectures': [4, 3, 2], 'timestamps': ['06:38', '44:59', '32:21'], 'top_lecture': 4, 'top_lecture_correct': True}",
01a04ce6-257f-7200-9d57-1d5c3b6a0b1b,benchmark_question,2026-08-29 09:42:26.431763+00:00,2026-08-29 09:42:26.441804+00:00,0.010041,"{'case_id': 'R5', 'chunk_size': 600, 'config_name': 'chunk_600', 'expected_lecture': 3, 'k': 3, 'question': 'What is discussed about inverse matrices in Lecture 3?', 'reranker_on': False}","{'case_id': 'R5', 'chunk_size': 600, 'config': 'chunk_600', 'evidence': [""on the other side. I have b inverse a inverse. That does multiply ab and this time it's these guys that give the identity, squeeze down, they give the identity, we're in shape. Okay, so there's the inverse. Good. While we're at it, let me do a transpose because the next lecture has got a lot to, it involves transposes. So how do I, if I transpose a matrix, I'm talking about square invertible matrices right now. If I transpose one, what's its inverse? Well the nice formula is, let's see, let me start from a, a inverse equal the identity."", ""So the inverses are all there. It's, it's a, it's a little family of matrices that like, they've got their own, if I multiply, I'm still inside this group. If I invert, I'm inside this group. Actually, group is the right name for this. It's a group of six matrices. And what about the inverses? What, what's the inverse of this guy, for example? What's the inverse? If I exchange rows one and two, what's the inverse matrix? Just tell me fast. The inverse of that matrix is, if I exchange rows one and two, then what I should do, to get back to where I started is the same thing. So this thing is its"", ""ready for the second topic, which is inverse. Okay. Ready for inverse. And let me do it for square matrices first. Okay. So I've got a square matrix A. And, and it may or may not have an inverse, right? Not all matrices have inverses. In fact, that's the most important question you can ask about the matrix is, if it's, if you know it's square, is it invertible or not? If it is invertible, then, then there is some other matrix, shall I call it A inverse? And what's the, what's if A inverse exists? So this is, if, there's a big if here. If""], 'expected_lecture': 3, 'k': 3, 'latency_s': 0.0097, 'question': 'What is discussed about inverse matrices in Lecture 3?', 'reranker': False, 'reranker_latency_s': 0.0, 'retrieved_lectures': [4, 4, 3], 'timestamps': ['03:44', '45:59', '21:23'], 'top_lecture': 4, 'top_lecture_correct': False}",
01a04ce6-2575-7e42-85c3-678eb698d7c4,benchmark_question,2026-08-29 09:42:26.421210+00:00,2026-08-29 09:42:26.431471+00:00,0.010261,"{'case_id': 'R4', 'chunk_size': 600, 'config_name': 'chunk_600', 'expected_lecture': 2, 'k': 3, 'question': 'What is elimination and why do we use it?', 'reranker_on': False}","{'case_id': 'R4', 'chunk_size': 600, 'config': 'chunk_600', 'evidence': [""say some matrix A. Okay. Let's imagine it's 3 by 3. I won't write numbers down for now. So what's the first elimination step that I do, the first matrix I multiply it by? What letter will I use for that? It's the, it'll be e to what? Because it's the first step will be to get a, to get a 0 in that 2, 1 position. And then the next step will be to get a 0 in the 3, 1 position. And the final step will be to get a 0 in the 3, 2 position. That's what elimination is and it produces u. And again, no row exchange. We will, I'm taking"", ""elimination that comes from matrix, doing it in matrix form. So it was a product of, of E's is, we can't see what that product of E's is. The, the matrix E is not particularly attractive. What's great is when we put them on the other side, they're inverses in the opposite order, there the L comes out just fine. Okay. Now, oh gosh, so today is a sort of like practical day. Can I, can we think together how expensive is elimination? How much, how many operations do we do? So what, so this is"", ""This is our system to solve, ax equal. And the right-hand side is that vector 2, 12, 2. OK, now when I describe elimination, it gets to be a pain to keep writing the equal signs and the pluses and so on. It's that matrix that totally matters. Everything is in that matrix, but behind it is those equations. So what does elimination do? What's the first step of elimination? We accept the first equation, it's OK. I'm going to multiply that equation by the right number, the right multiplier, and I'm going to subtract it from the second equation, with what purpose?""], 'expected_lecture': 2, 'k': 3, 'latency_s': 0.0099, 'question': 'What is elimination and why do we use it?', 'reranker': False, 'reranker_latency_s': 0.0, 'retrieved_lectures': [4, 4, 2], 'timestamps': ['14:10', '25:36', '02:47'], 'top_lecture': 4, 'top_lecture_correct': False}",
01a04ce6-256a-74b0-91bf-19dfe7a9d100,benchmark_question,2026-08-29 09:42:26.410746+00:00,2026-08-29 09:42:26.420846+00:00,0.0101,"{'case_id': 'R3', 'chunk_size': 600, 'config_name': 'chunk_600', 'expected_lecture': 1, 'k': 3, 'question': 'What is a linear combination in the column picture?', 'reranker_on': False}","{'case_id': 'R3', 'chunk_size': 600, 'config': 'chunk_600', 'evidence': [""You see the columns of the matrix, the columns of A are here, and the right hand side B is there. And now what is the equation asking for? It's asking us to find, somehow to combine that vector and this one in the right amounts to get that one. It's asking us to find the right linear combination. This is called a linear combination, and it's the most fundamental operation in the whole course. It's a linear combination of the columns. That's what we're seeing on the left side. Again, I don't want to write down a big definition. You can see what it is. There's column one, there's column two."", ""want to write down a big definition. You can see what it is. There's column one, there's column two. I multiply by some numbers and I add. That's a combination, a linear combination, and I want to make those numbers the right numbers to produce zero three. Okay, now I want to draw a picture that represents what this, this is algebra. What's the geometry? What's the picture that goes with it? Okay, so again these vectors have two components, so I better draw a picture like that. So can I put down these columns? I'll draw these columns as they are, and then I'll do a combination of them."", ""here's a, so I call that column one. And what's going in there is a times column one. Okay, so that's the picture of column at a time. So what does that tell me? What does that tell me about these columns? These columns of C are combinations, because we've seen that before, of columns of A. Every one of these comes from A times this and A times a vector is a combination of the columns of A. And, right, and it makes sense, because the columns of A have length n and the columns of C have length n. And every column of C""], 'expected_lecture': 1, 'k': 3, 'latency_s': 0.0098, 'question': 'What is a linear combination in the column picture?', 'reranker': False, 'reranker_latency_s': 0.0, 'retrieved_lectures': [1, 1, 3], 'timestamps': ['09:26', '10:11', '08:39'], 'top_lecture': 1, 'top_lecture_correct': True}",
01a04ce6-2560-7511-b4ed-5a2fe266021d,benchmark_question,2026-08-29 09:42:26.400195+00:00,2026-08-29 09:42:26.410445+00:00,0.01025,"{'case_id': 'R2', 'chunk_size': 600, 'config_name': 'chunk_600', 'expected_lecture': 1, 'k': 3, 'question': 'What is the column picture?', 'reranker_on': False}","{'case_id': 'R2', 'chunk_size': 600, 'config': 'chunk_600', 'evidence': [""here's a, so I call that column one. And what's going in there is a times column one. Okay, so that's the picture of column at a time. So what does that tell me? What does that tell me about these columns? These columns of C are combinations, because we've seen that before, of columns of A. Every one of these comes from A times this and A times a vector is a combination of the columns of A. And, right, and it makes sense, because the columns of A have length n and the columns of C have length n. And every column of C"", ""want to write down a big definition. You can see what it is. There's column one, there's column two. I multiply by some numbers and I add. That's a combination, a linear combination, and I want to make those numbers the right numbers to produce zero three. Okay, now I want to draw a picture that represents what this, this is algebra. What's the geometry? What's the picture that goes with it? Okay, so again these vectors have two components, so I better draw a picture like that. So can I put down these columns? I'll draw these columns as they are, and then I'll do a combination of them."", ""and the columns there are so short, but they're the same length, one inch. So what's the answer? What's the answer if I do 234 times 16? Just for practice. Well, what's the first row of the answer? 212. And the second row of the answer is 318. And the third row of the answer is 424. Actually, that's a very special matrix there. Very special matrix. What can you tell me about its columns, the columns of that matrix? They're multiples of this guy, right? They're multiples of that one. Which follows our rules? We said that the columns of the""], 'expected_lecture': 1, 'k': 3, 'latency_s': 0.0099, 'question': 'What is the column picture?', 'reranker': False, 'reranker_latency_s': 0.0, 'retrieved_lectures': [3, 1, 3], 'timestamps': ['08:39', '10:11', '13:52'], 'top_lecture': 3, 'top_lecture_correct': False}",
01a04ce6-2555-7d02-83f1-0ce4595a2f00,benchmark_question,2026-08-29 09:42:26.389297+00:00,2026-08-29 09:42:26.399834+00:00,0.010537,"{'case_id': 'R1', 'chunk_size': 600, 'config_name': 'chunk_600', 'expected_lecture': 1, 'k': 3, 'question': 'What is the row picture of a system of linear equations?', 'reranker_on': False}","{'case_id': 'R1', 'chunk_size': 600, 'config': 'chunk_600', 'evidence': [""This is my plan, the fundamental problem of linear algebra, which is to solve a system of linear equations. So let's start with the case when we have some number of equations, say n equations and n unknowns. So an equal number of equations and unknowns, that's the normal nice case. And what I want to do is, with examples of course, to describe first what I call the row picture. That's the picture of one equation at a time. It's the picture you've seen before in two by two equations where lines meet. So in a minute you'll see lines meeting."", ""All I really want to see is that the row picture consists of three planes, and if everything works right, three planes meet in one point and that's a solution. Now, you can tell I prefer the column picture. Okay, so let me take the column picture. That's x times, so there were two x's in the first equation, minus one x's, I'm just taking, no x's in the third, it's just the first column of that. And how many y's are there? There's minus one in the first equation, two in the second, and maybe minus three in the third. Just the second column of my matrix."", ""two by two equations where lines meet. So in a minute you'll see lines meeting. The second picture, I'll put a star beside that, because that's such an important one. And maybe new to you is the picture a column at a time. And those are the rows and columns of a matrix. So the third, the algebra way to look at the problem is the matrix form in using a matrix that I'll call a. Okay, so can I do an example? The whole semester will be examples and then see what's going on with the example. So take an example. Two equations, two unknowns. So let me take""], 'expected_lecture': 1, 'k': 3, 'latency_s': 0.0102, 'question': 'What is the row picture of a system of linear equations?', 'reranker': False, 'reranker_latency_s': 0.0, 'retrieved_lectures': [1, 1, 1], 'timestamps': ['01:02', '21:45', '01:43'], 'top_lecture': 1, 'top_lecture_correct': True}",
01a04ce6-2547-7a80-ab89-e6c7df089d4b,benchmark_question,2026-08-29 09:42:26.375755+00:00,2026-08-29 09:42:26.387390+00:00,0.011635,"{'case_id': 'R8', 'chunk_size': 1200, 'config_name': 'chunk_1200', 'expected_lecture': 1, 'k': 3, 'question': 'What is the difference between the row picture and the column picture?', 'reranker_on': False}","{'case_id': 'R8', 'chunk_size': 1200, 'config': 'chunk_1200', 'evidence': [""different from taking a row times a column. So a column of A was, what's the shape of a column of A? M by 1. A column of A is a column. It's got M entries and one column. And what's a row of B? It's got one row and P columns. So what's the shape, what do I get if I multiply a column by a row? I get a big matrix. I get a full size matrix. If I multiply a column by a row, I get, shall we just do one? Let me take the column 234 times the row 16. That is that product there. I mean, I'm just following the rules of matrix multiplication. Those rules are just looking like kind of petite, kind of smal"", ""what will the answer be for that matrix multiplication? Well, this one is just going to give us 0. So in fact, I'm back to this, that's the answer for that matrix multiplication. I'm sort of like happy to put up here these facts about matrix multiplication because it gives me a chance to write down special matrices like this. This is a special matrix. All those rows lie on the same line. All those rows lie on the line through 1, 6. If I draw a picture of all these row vectors, they're all the same direction. If I draw a picture of these two column vectors, they're in the same direction. Later,"", ""here's a, so I call that column one. And what's going in there is a times column one. Okay, so that's the picture of column at a time. So what does that tell me? What does that tell me about these columns? These columns of C are combinations, because we've seen that before, of columns of A. Every one of these comes from A times this and A times a vector is a combination of the columns of A. And, right, and it makes sense, because the columns of A have length n and the columns of C have length n. And every column of C is some combination of the columns of A. And it's these numbers in here that ""], 'expected_lecture': 1, 'k': 3, 'latency_s': 0.0111, 'question': 'What is the difference between the row picture and the column picture?', 'reranker': False, 'reranker_latency_s': 0.0, 'retrieved_lectures': [3, 3, 3], 'timestamps': ['12:44', '16:43', '08:39'], 'top_lecture': 3, 'top_lecture_correct': False}",
01a04ce6-253c-7371-a125-f75bff05974d,benchmark_question,2026-08-29 09:42:26.364652+00:00,2026-08-29 09:42:26.375386+00:00,0.010734,"{'case_id': 'R7', 'chunk_size': 1200, 'config_name': 'chunk_1200', 'expected_lecture': 4, 'k': 3, 'question': 'How is LU related to elimination?', 'reranker_on': False}","{'case_id': 'R7', 'chunk_size': 1200, 'config': 'chunk_1200', 'evidence': [""It's the matrix that we needed to get this two one position to be zero. OK, good enough. So what do I do next? I need another matrix, right? I need to, there's another step here. And I want to express the whole elimination process in matrix language. So tell me what now, so next step, step two, which was what? Subtract, what was the actual step that we did? I think I subtracted, do you remember? I had a two in the pivot and a four below it, so I subtracted two times row two from row three. From row three. Tell me the matrix that'll do that. And tell me its name. OK, it's going to be E for elem"", ""And you've seen that already, and I just want to collect the ideas together. And in principle, I could even have to do that two times, or more times. So I have to allow, to complete the theory, the possibility that I take my matrix A, I start elimination, I find out that I need row exchanges, and I do it and continue and I finish. Okay, then all I want to do is say, and I won't make a big project out of this, what happens to A equal L u? So A equal L u, L u, this was a matrix L with ones on the diagonal and zeros above and multipliers below, and this u we know, with zeros down here, that's onl"", ""is the most basic factorization of a matrix. It's, it's, I always worry that you will think this course is just, is all elimination. It's just row operations. And please don't. It's, it will, will be beyond that. But it's the right, it's, it's the right algebra to do first. Okay, so now I'm coming near the end of it, but I want to get it in a decent form. So my decent form is matrix form. I have a matrix a. Let's suppose it's a good matrix. I can do elimination. No row exchanges. So no row exchanges for now. Pivots all find nothing zero in the pivot position. I get to the very end, which is u.""], 'expected_lecture': 4, 'k': 3, 'latency_s': 0.0104, 'question': 'How is LU related to elimination?', 'reranker': False, 'reranker_latency_s': 0.0, 'retrieved_lectures': [2, 5, 4], 'timestamps': ['29:21', '02:12', '07:07'], 'top_lecture': 2, 'top_lecture_correct': False}",
01a04ce6-2531-73f0-8693-752b202f07bd,benchmark_question,2026-08-29 09:42:26.353271+00:00,2026-08-29 09:42:26.364340+00:00,0.011069,"{'case_id': 'R6', 'chunk_size': 1200, 'config_name': 'chunk_1200', 'expected_lecture': 4, 'k': 3, 'question': 'In Lecture 4, why does the factorization A = LU matter?', 'reranker_on': False}","{'case_id': 'R6', 'chunk_size': 1200, 'config': 'chunk_1200', 'evidence': [""is the most basic factorization of a matrix. It's, it's, I always worry that you will think this course is just, is all elimination. It's just row operations. And please don't. It's, it will, will be beyond that. But it's the right, it's, it's the right algebra to do first. Okay, so now I'm coming near the end of it, but I want to get it in a decent form. So my decent form is matrix form. I have a matrix a. Let's suppose it's a good matrix. I can do elimination. No row exchanges. So no row exchanges for now. Pivots all find nothing zero in the pivot position. I get to the very end, which is u."", ""and together they gave me an E that does both steps. And the net result was to get an I here. And you can tell me what that has to be. This is like the picture of what happened. If E multiplied A, whatever that E is, we never figured it out in this way. But whatever that E times A is, what's E times A? It's I. That E, whatever the heck it was, multiplied A and produced I. So E must be, EA equaling I tells us what E is. Namely, it is the inverse of A. Great. And therefore, when the second half, when E multiplies I, it's E, but that's A inverse. You see the picture looking that way? E times A is"", ""Maybe, maybe rather than saying left of A, left of U, let me write down again what I mean. E, A is U, whereas A is L U. Okay. Let me, let me make the point now in words. The, the order that the matrices come for L is the right order. The two and the five don't sort of interfere to produce this tent. In the, in the right order, the multipliers just fit in the matrix L. That's, that's the point. That the, so that, that if I want to know L, I've got, I've no work to do. I just keep a record of what those multipliers were. And that gives me L. So, so I'll draw the, draw the, so let me, let me stat""], 'expected_lecture': 4, 'k': 3, 'latency_s': 0.0108, 'question': 'In Lecture 4, why does the factorization A = LU matter?', 'reranker': False, 'reranker_latency_s': 0.0, 'retrieved_lectures': [4, 3, 4], 'timestamps': ['07:07', '44:26', '22:41'], 'top_lecture': 4, 'top_lecture_correct': True}",
01a04ce6-2522-7fe2-9d48-0cdd006f1d69,benchmark_question,2026-08-29 09:42:26.338777+00:00,2026-08-29 09:42:26.352934+00:00,0.014157,"{'case_id': 'R5', 'chunk_size': 1200, 'config_name': 'chunk_1200', 'expected_lecture': 3, 'k': 3, 'question': 'What is discussed about inverse matrices in Lecture 3?', 'reranker_on': False}","{'case_id': 'R5', 'chunk_size': 1200, 'config': 'chunk_1200', 'evidence': [""transposes come in the opposite order. So it's a inverse transpose times a transpose giving the identity. So that's, this equation, it just comes directly from that one. But this equation tells me what I wanted to know. Namely, what is the inverse of this guy a transpose? What's the inverse of that, if I transpose a matrix, what's, what's the inverse of the result? And this equation tells me that here it is. This is, this is the inverse of a transpose. Inverse of a transpose. I just, so I'll put a big circle around that because that's the answer, that's the best answer we could hope for. That "", ""a is invertible and b is invertible, then what matrix gives me the inverse of ab? So that's the direct question. What's the inverse of ab? Do I multiply those separate inverses? Yes. I multiply the two matrices, a inverse and b inverse, but what order do I multiply them? In reverse order. And you see why? So the right thing to put here is b inverse a inverse. That's the inverse I'm asking. We can just check that ab times that matrix gives the identity. Okay, so why? Once again it's this fact that I can move parentheses around. I can actually, I can just erase them all and do the multiplication"", ""So let me make the first step at what's the inverse matrix. All the matrices you've seen on this board have inverses. I didn't write any bad matrices down. We spoke about possible failure, and for a moment, we put in a matrix that would fail. But right now, all these matrices are good. They're all invertible. And let's take the inverse. Well, let me say first what does the inverse mean, and find it. Okay, so we're getting a little leg up on inverses. Okay, so this is the final moments of today. Ah, sorry, he's still there. Inverses. Okay, and I'm just going to take one example, and then we're ""], 'expected_lecture': 3, 'k': 3, 'latency_s': 0.0137, 'question': 'What is discussed about inverse matrices in Lecture 3?', 'reranker': False, 'reranker_latency_s': 0.0, 'retrieved_lectures': [4, 4, 2], 'timestamps': ['05:12', '01:56', '43:29'], 'top_lecture': 4, 'top_lecture_correct': False}",
01a04ce6-2511-7882-a93a-6e37d6ff0006,benchmark_question,2026-08-29 09:42:26.321993+00:00,2026-08-29 09:42:26.338397+00:00,0.016404,"{'case_id': 'R4', 'chunk_size': 1200, 'config_name': 'chunk_1200', 'expected_lecture': 2, 'k': 3, 'question': 'What is elimination and why do we use it?', 'reranker_on': False}","{'case_id': 'R4', 'chunk_size': 1200, 'config': 'chunk_1200', 'evidence': [""Okay. This is it. This is then the second lecture in linear algebra. And I've put below my main topics for today. I put right there a system of equations that's going to be our example to work with. But what are we going to do with it? We're going to solve it. And the method of solution will not be determinants. Determinants are something that will come later. The method we'll use is called elimination. And it's the way every software package solves equations. And so an elimination, well if it succeeds it gets the answer. And normally it does succeed. If the matrix A that's coming into that sy"", ""It's a natural idea, and died earlier too. OK, so, but then, and you've seen the idea. But now the part that I want to show you is elimination expressed in matrix language. Because the whole course, all the key ideas get expressed as matrix operations, not as words. And one of the operations, of course, that we'll meet is how do we multiply matrices and why? OK, so there's a system of equations. Three equations in three unknowns. And there's the matrix, the three by three matrix. So this is the system ax equal b, you could say. This is our system to solve, ax equal. And the right-hand side is "", ""elimination, which is the systematic way that everybody, every bit of software, too, production, large-scale software would solve the equation. So the lecture that's coming up, if I was to add that to the syllabus, will be about how to find x, y, z in all cases. Can I just think again, though, about the big picture? By the big picture, I mean let's keep this same matrix on the left, but imagine that we have a different right-hand side. Oh, let me take a different right-hand side. So I'll change that right-hand side to something that actually is also pretty special. Let me change it to, suppose""], 'expected_lecture': 2, 'k': 3, 'latency_s': 0.016, 'question': 'What is elimination and why do we use it?', 'reranker': False, 'reranker_latency_s': 0.0, 'retrieved_lectures': [2, 2, 1], 'timestamps': ['00:00', '01:54', '25:38'], 'top_lecture': 2, 'top_lecture_correct': True}",
01a04ce6-2507-7071-9134-63972f2ecf6a,benchmark_question,2026-08-29 09:42:26.311389+00:00,2026-08-29 09:42:26.321628+00:00,0.010239,"{'case_id': 'R3', 'chunk_size': 1200, 'config_name': 'chunk_1200', 'expected_lecture': 1, 'k': 3, 'question': 'What is a linear combination in the column picture?', 'reranker_on': False}","{'case_id': 'R3', 'chunk_size': 1200, 'config': 'chunk_1200', 'evidence': [""this one in the right amounts to get that one. It's asking us to find the right linear combination. This is called a linear combination, and it's the most fundamental operation in the whole course. It's a linear combination of the columns. That's what we're seeing on the left side. Again, I don't want to write down a big definition. You can see what it is. There's column one, there's column two. I multiply by some numbers and I add. That's a combination, a linear combination, and I want to make those numbers the right numbers to produce zero three. Okay, now I want to draw a picture that repre"", ""equation, two in the second, and maybe minus three in the third. Just the second column of my matrix. And z times no z's, minus one z's, and four z's. And it's those three columns, right, that I have to combine to produce the right-hand side, which is zero, minus one, four. Okay. So what have we got on this left-hand side? A linear combination. It's a linear combination now of three vectors, and they happen to be, each one is a three-dimensional vector. So we want to know what combination of those three vectors produces that one. Shall I try to draw the column picture then? So since these vect"", ""is the first component and up two, it's here. There's column two. So this, again, you see what its components are. Its components are minus one, two. Good, that's this guy. Now what is, what, now I have to take a combination. What combination shall I take? Why not the right combination? What the hell? Okay, so what the combination I'm going to take is the right one to produce zero three and then we'll see it happen in the picture. So the right combination is to take x is one of those and two of these. It's because we already know that that's the right x and y, so why not take the correct combi""], 'expected_lecture': 1, 'k': 3, 'latency_s': 0.0099, 'question': 'What is a linear combination in the column picture?', 'reranker': False, 'reranker_latency_s': 0.0, 'retrieved_lectures': [1, 1, 1], 'timestamps': ['09:42', '22:22', '11:19'], 'top_lecture': 1, 'top_lecture_correct': True}",
01a04ce6-24fc-7062-b0c3-0a302931c9f5,benchmark_question,2026-08-29 09:42:26.300390+00:00,2026-08-29 09:42:26.311057+00:00,0.010667,"{'case_id': 'R2', 'chunk_size': 1200, 'config_name': 'chunk_1200', 'expected_lecture': 1, 'k': 3, 'question': 'What is the column picture?', 'reranker_on': False}","{'case_id': 'R2', 'chunk_size': 1200, 'config': 'chunk_1200', 'evidence': [""this one in the right amounts to get that one. It's asking us to find the right linear combination. This is called a linear combination, and it's the most fundamental operation in the whole course. It's a linear combination of the columns. That's what we're seeing on the left side. Again, I don't want to write down a big definition. You can see what it is. There's column one, there's column two. I multiply by some numbers and I add. That's a combination, a linear combination, and I want to make those numbers the right numbers to produce zero three. Okay, now I want to draw a picture that repre"", ""find it. The main point is that there is, that the three planes, because they're, you know, they're not parallel, they're not special, they do meet in one point, and that's the solution. But maybe you can see that this row picture is getting a little hard to see. The row picture was a cinch when we looked at two lines meeting. When we look at three planes meeting, it's not so clear and in four dimensions, probably a little less clear. So can I quit on the row picture? I'll quit on the row picture before I've successfully found the point where the three planes meet. All I really want to see is "", ""here's a, so I call that column one. And what's going in there is a times column one. Okay, so that's the picture of column at a time. So what does that tell me? What does that tell me about these columns? These columns of C are combinations, because we've seen that before, of columns of A. Every one of these comes from A times this and A times a vector is a combination of the columns of A. And, right, and it makes sense, because the columns of A have length n and the columns of C have length n. And every column of C is some combination of the columns of A. And it's these numbers in here that ""], 'expected_lecture': 1, 'k': 3, 'latency_s': 0.0102, 'question': 'What is the column picture?', 'reranker': False, 'reranker_latency_s': 0.0, 'retrieved_lectures': [1, 1, 3], 'timestamps': ['09:42', '20:56', '08:39'], 'top_lecture': 1, 'top_lecture_correct': True}",
01a04ce6-24ed-7f12-a5b5-903ce28f2ad7,benchmark_question,2026-08-29 09:42:26.285208+00:00,2026-08-29 09:42:26.300034+00:00,0.014826,"{'case_id': 'R1', 'chunk_size': 1200, 'config_name': 'chunk_1200', 'expected_lecture': 1, 'k': 3, 'question': 'What is the row picture of a system of linear equations?', 'reranker_on': False}","{'case_id': 'R1', 'chunk_size': 1200, 'config': 'chunk_1200', 'evidence': [""Let's just check this. If x is one, I have a minus one, plus four equals three. Okay, apologies for drawing this picture that you've seen before. But this, seeing the row picture, first of all, for n equal two, two equations and two unknowns, it's the right place to start. Okay, so we've got the solution, the point that lies on both lines. Now can I come to the column picture? Pay attention, this is the key point. So the column picture. I'm now going to look at the columns of the matrix. I'm going to look at this part and this part. I'm going to say that the x part is really, so it's really x "", ""Hi, this is the first lecture in MIT's course, 1806, linear algebra, and I'm Gilbert Strang. The text for the course is this book, Introduction to Linear Algebra, and the course webpage, which has got a lot of exercises from the past, MATLAB codes, the syllabus for the course is web.mit.edu slash 18.06, and this is the first lecture, lecture one. And later we'll say which will give the web address for viewing these videotapes. Okay, so what's in the first lecture? This is my plan, the fundamental problem of linear algebra, which is to solve a system of linear equations. So let's start with the"", ""right, even before the, before the pictures. So I always will think of this as the matrix a, the matrix of coefficients. Then there's a vector of unknowns. Here we've only got two unknowns. Later we'll have any number of unknowns. And that vector of unknowns, well I'll often, I'll make that x extra, extra bold. And the right hand side is also a vector that I'll always call b. So linear equations are ax equal b, and the idea now is to solve this particular example and then step back to see the bigger picture. Okay, what's the picture for this example, the row picture? Okay, so here comes the ro""], 'expected_lecture': 1, 'k': 3, 'latency_s': 0.014, 'question': 'What is the row picture of a system of linear equations?', 'reranker': False, 'reranker_latency_s': 0.0, 'retrieved_lectures': [1, 1, 1], 'timestamps': ['08:10', '00:00', '03:37'], 'top_lecture': 1, 'top_lecture_correct': True}",
01a04ce4-90f9-7602-8c8b-55bf4f0d8353,benchmark_question,2026-08-29 09:40:42.873450+00:00,2026-08-29 09:40:42.914475+00:00,0.041025,"{'case_id': 'R8', 'chunk_size': 1200, 'config_name': 'reranker_on', 'expected_lecture': 1, 'k': 3, 'question': 'What is the difference between the row picture and the column picture?', 'reranker_on': True}","{'case_id': 'R8', 'chunk_size': 1200, 'config': 'reranker_on', 'evidence': [""here's a, so I call that column one. And what's going in there is a times column one. Okay, so that's the picture of column at a time. So what does that tell me? What does that tell me about these columns? These columns of C are combinations, because we've seen that before, of columns of A. Every one of these comes from A times this and A times a vector is a combination of the columns of A. And, right, and it makes sense, because the columns of A have length n and the columns of C have length n. And every column of C is some combination of the columns of A. And it's these numbers in here that "", ""different from taking a row times a column. So a column of A was, what's the shape of a column of A? M by 1. A column of A is a column. It's got M entries and one column. And what's a row of B? It's got one row and P columns. So what's the shape, what do I get if I multiply a column by a row? I get a big matrix. I get a full size matrix. If I multiply a column by a row, I get, shall we just do one? Let me take the column 234 times the row 16. That is that product there. I mean, I'm just following the rules of matrix multiplication. Those rules are just looking like kind of petite, kind of smal"", ""what will the answer be for that matrix multiplication? Well, this one is just going to give us 0. So in fact, I'm back to this, that's the answer for that matrix multiplication. I'm sort of like happy to put up here these facts about matrix multiplication because it gives me a chance to write down special matrices like this. This is a special matrix. All those rows lie on the same line. All those rows lie on the line through 1, 6. If I draw a picture of all these row vectors, they're all the same direction. If I draw a picture of these two column vectors, they're in the same direction. Later,""], 'expected_lecture': 1, 'k': 3, 'latency_s': 0.0406, 'question': 'What is the difference between the row picture and the column picture?', 'reranker': True, 'reranker_latency_s': 0.0266, 'retrieved_lectures': [3, 3, 3], 'timestamps': ['08:39', '12:44', '16:43'], 'top_lecture': 3, 'top_lecture_correct': False}",
01a04ce4-90cf-7c41-9fca-20159fc1bf6b,benchmark_question,2026-08-29 09:40:42.831082+00:00,2026-08-29 09:40:42.873079+00:00,0.041997,"{'case_id': 'R7', 'chunk_size': 1200, 'config_name': 'reranker_on', 'expected_lecture': 4, 'k': 3, 'question': 'How is LU related to elimination?', 'reranker_on': True}","{'case_id': 'R7', 'chunk_size': 1200, 'config': 'reranker_on', 'evidence': [""is the most basic factorization of a matrix. It's, it's, I always worry that you will think this course is just, is all elimination. It's just row operations. And please don't. It's, it will, will be beyond that. But it's the right, it's, it's the right algebra to do first. Okay, so now I'm coming near the end of it, but I want to get it in a decent form. So my decent form is matrix form. I have a matrix a. Let's suppose it's a good matrix. I can do elimination. No row exchanges. So no row exchanges for now. Pivots all find nothing zero in the pivot position. I get to the very end, which is u."", ""And you've seen that already, and I just want to collect the ideas together. And in principle, I could even have to do that two times, or more times. So I have to allow, to complete the theory, the possibility that I take my matrix A, I start elimination, I find out that I need row exchanges, and I do it and continue and I finish. Okay, then all I want to do is say, and I won't make a big project out of this, what happens to A equal L u? So A equal L u, L u, this was a matrix L with ones on the diagonal and zeros above and multipliers below, and this u we know, with zeros down here, that's onl"", ""It's the matrix that we needed to get this two one position to be zero. OK, good enough. So what do I do next? I need another matrix, right? I need to, there's another step here. And I want to express the whole elimination process in matrix language. So tell me what now, so next step, step two, which was what? Subtract, what was the actual step that we did? I think I subtracted, do you remember? I had a two in the pivot and a four below it, so I subtracted two times row two from row three. From row three. Tell me the matrix that'll do that. And tell me its name. OK, it's going to be E for elem""], 'expected_lecture': 4, 'k': 3, 'latency_s': 0.0415, 'question': 'How is LU related to elimination?', 'reranker': True, 'reranker_latency_s': 0.0278, 'retrieved_lectures': [4, 5, 2], 'timestamps': ['07:07', '02:12', '29:21'], 'top_lecture': 4, 'top_lecture_correct': True}",
01a04ce4-90a5-79b0-bf69-963d11c28b13,benchmark_question,2026-08-29 09:40:42.789393+00:00,2026-08-29 09:40:42.830618+00:00,0.041225,"{'case_id': 'R6', 'chunk_size': 1200, 'config_name': 'reranker_on', 'expected_lecture': 4, 'k': 3, 'question': 'In Lecture 4, why does the factorization A = LU matter?', 'reranker_on': True}","{'case_id': 'R6', 'chunk_size': 1200, 'config': 'reranker_on', 'evidence': [""is the most basic factorization of a matrix. It's, it's, I always worry that you will think this course is just, is all elimination. It's just row operations. And please don't. It's, it will, will be beyond that. But it's the right, it's, it's the right algebra to do first. Okay, so now I'm coming near the end of it, but I want to get it in a decent form. So my decent form is matrix form. I have a matrix a. Let's suppose it's a good matrix. I can do elimination. No row exchanges. So no row exchanges for now. Pivots all find nothing zero in the pivot position. I get to the very end, which is u."", ""and together they gave me an E that does both steps. And the net result was to get an I here. And you can tell me what that has to be. This is like the picture of what happened. If E multiplied A, whatever that E is, we never figured it out in this way. But whatever that E times A is, what's E times A? It's I. That E, whatever the heck it was, multiplied A and produced I. So E must be, EA equaling I tells us what E is. Namely, it is the inverse of A. Great. And therefore, when the second half, when E multiplies I, it's E, but that's A inverse. You see the picture looking that way? E times A is"", ""Maybe, maybe rather than saying left of A, left of U, let me write down again what I mean. E, A is U, whereas A is L U. Okay. Let me, let me make the point now in words. The, the order that the matrices come for L is the right order. The two and the five don't sort of interfere to produce this tent. In the, in the right order, the multipliers just fit in the matrix L. That's, that's the point. That the, so that, that if I want to know L, I've got, I've no work to do. I just keep a record of what those multipliers were. And that gives me L. So, so I'll draw the, draw the, so let me, let me stat""], 'expected_lecture': 4, 'k': 3, 'latency_s': 0.0408, 'question': 'In Lecture 4, why does the factorization A = LU matter?', 'reranker': True, 'reranker_latency_s': 0.0266, 'retrieved_lectures': [4, 3, 4], 'timestamps': ['07:07', '44:26', '22:41'], 'top_lecture': 4, 'top_lecture_correct': True}",
01a04ce4-907a-7c43-8c88-795621286d00,benchmark_question,2026-08-29 09:40:42.746980+00:00,2026-08-29 09:40:42.788959+00:00,0.041979,"{'case_id': 'R5', 'chunk_size': 1200, 'config_name': 'reranker_on', 'expected_lecture': 3, 'k': 3, 'question': 'What is discussed about inverse matrices in Lecture 3?', 'reranker_on': True}","{'case_id': 'R5', 'chunk_size': 1200, 'config': 'reranker_on', 'evidence': [""So let me make the first step at what's the inverse matrix. All the matrices you've seen on this board have inverses. I didn't write any bad matrices down. We spoke about possible failure, and for a moment, we put in a matrix that would fail. But right now, all these matrices are good. They're all invertible. And let's take the inverse. Well, let me say first what does the inverse mean, and find it. Okay, so we're getting a little leg up on inverses. Okay, so this is the final moments of today. Ah, sorry, he's still there. Inverses. Okay, and I'm just going to take one example, and then we're "", ""transposes come in the opposite order. So it's a inverse transpose times a transpose giving the identity. So that's, this equation, it just comes directly from that one. But this equation tells me what I wanted to know. Namely, what is the inverse of this guy a transpose? What's the inverse of that, if I transpose a matrix, what's, what's the inverse of the result? And this equation tells me that here it is. This is, this is the inverse of a transpose. Inverse of a transpose. I just, so I'll put a big circle around that because that's the answer, that's the best answer we could hope for. That "", ""a is invertible and b is invertible, then what matrix gives me the inverse of ab? So that's the direct question. What's the inverse of ab? Do I multiply those separate inverses? Yes. I multiply the two matrices, a inverse and b inverse, but what order do I multiply them? In reverse order. And you see why? So the right thing to put here is b inverse a inverse. That's the inverse I'm asking. We can just check that ab times that matrix gives the identity. Okay, so why? Once again it's this fact that I can move parentheses around. I can actually, I can just erase them all and do the multiplication""], 'expected_lecture': 3, 'k': 3, 'latency_s': 0.0415, 'question': 'What is discussed about inverse matrices in Lecture 3?', 'reranker': True, 'reranker_latency_s': 0.0275, 'retrieved_lectures': [2, 4, 4], 'timestamps': ['43:29', '05:12', '01:56'], 'top_lecture': 2, 'top_lecture_correct': False}",
01a04ce4-904d-7ec0-83c6-b93f297ae73e,benchmark_question,2026-08-29 09:40:42.701362+00:00,2026-08-29 09:40:42.746559+00:00,0.045197,"{'case_id': 'R4', 'chunk_size': 1200, 'config_name': 'reranker_on', 'expected_lecture': 2, 'k': 3, 'question': 'What is elimination and why do we use it?', 'reranker_on': True}","{'case_id': 'R4', 'chunk_size': 1200, 'config': 'reranker_on', 'evidence': [""Okay. This is it. This is then the second lecture in linear algebra. And I've put below my main topics for today. I put right there a system of equations that's going to be our example to work with. But what are we going to do with it? We're going to solve it. And the method of solution will not be determinants. Determinants are something that will come later. The method we'll use is called elimination. And it's the way every software package solves equations. And so an elimination, well if it succeeds it gets the answer. And normally it does succeed. If the matrix A that's coming into that sy"", ""elimination, which is the systematic way that everybody, every bit of software, too, production, large-scale software would solve the equation. So the lecture that's coming up, if I was to add that to the syllabus, will be about how to find x, y, z in all cases. Can I just think again, though, about the big picture? By the big picture, I mean let's keep this same matrix on the left, but imagine that we have a different right-hand side. Oh, let me take a different right-hand side. So I'll change that right-hand side to something that actually is also pretty special. Let me change it to, suppose"", ""It's a natural idea, and died earlier too. OK, so, but then, and you've seen the idea. But now the part that I want to show you is elimination expressed in matrix language. Because the whole course, all the key ideas get expressed as matrix operations, not as words. And one of the operations, of course, that we'll meet is how do we multiply matrices and why? OK, so there's a system of equations. Three equations in three unknowns. And there's the matrix, the three by three matrix. So this is the system ax equal b, you could say. This is our system to solve, ax equal. And the right-hand side is ""], 'expected_lecture': 2, 'k': 3, 'latency_s': 0.0448, 'question': 'What is elimination and why do we use it?', 'reranker': True, 'reranker_latency_s': 0.0255, 'retrieved_lectures': [2, 1, 2], 'timestamps': ['00:00', '25:38', '01:54'], 'top_lecture': 2, 'top_lecture_correct': True}",
01a04ce4-9022-7a22-a2fa-c128b4207ebd,benchmark_question,2026-08-29 09:40:42.658642+00:00,2026-08-29 09:40:42.700960+00:00,0.042318,"{'case_id': 'R3', 'chunk_size': 1200, 'config_name': 'reranker_on', 'expected_lecture': 1, 'k': 3, 'question': 'What is a linear combination in the column picture?', 'reranker_on': True}","{'case_id': 'R3', 'chunk_size': 1200, 'config': 'reranker_on', 'evidence': [""this one in the right amounts to get that one. It's asking us to find the right linear combination. This is called a linear combination, and it's the most fundamental operation in the whole course. It's a linear combination of the columns. That's what we're seeing on the left side. Again, I don't want to write down a big definition. You can see what it is. There's column one, there's column two. I multiply by some numbers and I add. That's a combination, a linear combination, and I want to make those numbers the right numbers to produce zero three. Okay, now I want to draw a picture that repre"", ""equation, two in the second, and maybe minus three in the third. Just the second column of my matrix. And z times no z's, minus one z's, and four z's. And it's those three columns, right, that I have to combine to produce the right-hand side, which is zero, minus one, four. Okay. So what have we got on this left-hand side? A linear combination. It's a linear combination now of three vectors, and they happen to be, each one is a three-dimensional vector. So we want to know what combination of those three vectors produces that one. Shall I try to draw the column picture then? So since these vect"", ""is the first component and up two, it's here. There's column two. So this, again, you see what its components are. Its components are minus one, two. Good, that's this guy. Now what is, what, now I have to take a combination. What combination shall I take? Why not the right combination? What the hell? Okay, so what the combination I'm going to take is the right one to produce zero three and then we'll see it happen in the picture. So the right combination is to take x is one of those and two of these. It's because we already know that that's the right x and y, so why not take the correct combi""], 'expected_lecture': 1, 'k': 3, 'latency_s': 0.0418, 'question': 'What is a linear combination in the column picture?', 'reranker': True, 'reranker_latency_s': 0.0263, 'retrieved_lectures': [1, 1, 1], 'timestamps': ['09:42', '22:22', '11:19'], 'top_lecture': 1, 'top_lecture_correct': True}",
01a04ce4-8ff4-7601-8e60-7ba41e10c719,benchmark_question,2026-08-29 09:40:42.612566+00:00,2026-08-29 09:40:42.658173+00:00,0.045607,"{'case_id': 'R2', 'chunk_size': 1200, 'config_name': 'reranker_on', 'expected_lecture': 1, 'k': 3, 'question': 'What is the column picture?', 'reranker_on': True}","{'case_id': 'R2', 'chunk_size': 1200, 'config': 'reranker_on', 'evidence': [""here's a, so I call that column one. And what's going in there is a times column one. Okay, so that's the picture of column at a time. So what does that tell me? What does that tell me about these columns? These columns of C are combinations, because we've seen that before, of columns of A. Every one of these comes from A times this and A times a vector is a combination of the columns of A. And, right, and it makes sense, because the columns of A have length n and the columns of C have length n. And every column of C is some combination of the columns of A. And it's these numbers in here that "", ""find it. The main point is that there is, that the three planes, because they're, you know, they're not parallel, they're not special, they do meet in one point, and that's the solution. But maybe you can see that this row picture is getting a little hard to see. The row picture was a cinch when we looked at two lines meeting. When we look at three planes meeting, it's not so clear and in four dimensions, probably a little less clear. So can I quit on the row picture? I'll quit on the row picture before I've successfully found the point where the three planes meet. All I really want to see is "", ""this one in the right amounts to get that one. It's asking us to find the right linear combination. This is called a linear combination, and it's the most fundamental operation in the whole course. It's a linear combination of the columns. That's what we're seeing on the left side. Again, I don't want to write down a big definition. You can see what it is. There's column one, there's column two. I multiply by some numbers and I add. That's a combination, a linear combination, and I want to make those numbers the right numbers to produce zero three. Okay, now I want to draw a picture that repre""], 'expected_lecture': 1, 'k': 3, 'latency_s': 0.045, 'question': 'What is the column picture?', 'reranker': True, 'reranker_latency_s': 0.028, 'retrieved_lectures': [3, 1, 1], 'timestamps': ['08:39', '20:56', '09:42'], 'top_lecture': 3, 'top_lecture_correct': False}",
01a04ce4-8fb8-7d33-b519-286a089cbba0,benchmark_question,2026-08-29 09:40:42.552831+00:00,2026-08-29 09:40:42.611995+00:00,0.059164,"{'case_id': 'R1', 'chunk_size': 1200, 'config_name': 'reranker_on', 'expected_lecture': 1, 'k': 3, 'question': 'What is the row picture of a system of linear equations?', 'reranker_on': True}","{'case_id': 'R1', 'chunk_size': 1200, 'config': 'reranker_on', 'evidence': [""right, even before the, before the pictures. So I always will think of this as the matrix a, the matrix of coefficients. Then there's a vector of unknowns. Here we've only got two unknowns. Later we'll have any number of unknowns. And that vector of unknowns, well I'll often, I'll make that x extra, extra bold. And the right hand side is also a vector that I'll always call b. So linear equations are ax equal b, and the idea now is to solve this particular example and then step back to see the bigger picture. Okay, what's the picture for this example, the row picture? Okay, so here comes the ro"", ""Let's just check this. If x is one, I have a minus one, plus four equals three. Okay, apologies for drawing this picture that you've seen before. But this, seeing the row picture, first of all, for n equal two, two equations and two unknowns, it's the right place to start. Okay, so we've got the solution, the point that lies on both lines. Now can I come to the column picture? Pay attention, this is the key point. So the column picture. I'm now going to look at the columns of the matrix. I'm going to look at this part and this part. I'm going to say that the x part is really, so it's really x "", ""Hi, this is the first lecture in MIT's course, 1806, linear algebra, and I'm Gilbert Strang. The text for the course is this book, Introduction to Linear Algebra, and the course webpage, which has got a lot of exercises from the past, MATLAB codes, the syllabus for the course is web.mit.edu slash 18.06, and this is the first lecture, lecture one. And later we'll say which will give the web address for viewing these videotapes. Okay, so what's in the first lecture? This is my plan, the fundamental problem of linear algebra, which is to solve a system of linear equations. So let's start with the""], 'expected_lecture': 1, 'k': 3, 'latency_s': 0.0588, 'question': 'What is the row picture of a system of linear equations?', 'reranker': True, 'reranker_latency_s': 0.0452, 'retrieved_lectures': [1, 1, 1], 'timestamps': ['03:37', '08:10', '00:00'], 'top_lecture': 1, 'top_lecture_correct': True}",
01a04ce4-8fa9-7433-a30a-2c48a799d60c,benchmark_question,2026-08-29 09:40:42.537399+00:00,2026-08-29 09:40:42.551010+00:00,0.013611,"{'case_id': 'R8', 'chunk_size': 1200, 'config_name': 'reranker_off', 'expected_lecture': 1, 'k': 3, 'question': 'What is the difference between the row picture and the column picture?', 'reranker_on': False}","{'case_id': 'R8', 'chunk_size': 1200, 'config': 'reranker_off', 'evidence': [""different from taking a row times a column. So a column of A was, what's the shape of a column of A? M by 1. A column of A is a column. It's got M entries and one column. And what's a row of B? It's got one row and P columns. So what's the shape, what do I get if I multiply a column by a row? I get a big matrix. I get a full size matrix. If I multiply a column by a row, I get, shall we just do one? Let me take the column 234 times the row 16. That is that product there. I mean, I'm just following the rules of matrix multiplication. Those rules are just looking like kind of petite, kind of smal"", ""what will the answer be for that matrix multiplication? Well, this one is just going to give us 0. So in fact, I'm back to this, that's the answer for that matrix multiplication. I'm sort of like happy to put up here these facts about matrix multiplication because it gives me a chance to write down special matrices like this. This is a special matrix. All those rows lie on the same line. All those rows lie on the line through 1, 6. If I draw a picture of all these row vectors, they're all the same direction. If I draw a picture of these two column vectors, they're in the same direction. Later,"", ""here's a, so I call that column one. And what's going in there is a times column one. Okay, so that's the picture of column at a time. So what does that tell me? What does that tell me about these columns? These columns of C are combinations, because we've seen that before, of columns of A. Every one of these comes from A times this and A times a vector is a combination of the columns of A. And, right, and it makes sense, because the columns of A have length n and the columns of C have length n. And every column of C is some combination of the columns of A. And it's these numbers in here that ""], 'expected_lecture': 1, 'k': 3, 'latency_s': 0.0132, 'question': 'What is the difference between the row picture and the column picture?', 'reranker': False, 'reranker_latency_s': 0.0, 'retrieved_lectures': [3, 3, 3], 'timestamps': ['12:44', '16:43', '08:39'], 'top_lecture': 3, 'top_lecture_correct': False}",
01a04ce4-8f9c-7082-9c21-7be049105270,benchmark_question,2026-08-29 09:40:42.524043+00:00,2026-08-29 09:40:42.537032+00:00,0.012989,"{'case_id': 'R7', 'chunk_size': 1200, 'config_name': 'reranker_off', 'expected_lecture': 4, 'k': 3, 'question': 'How is LU related to elimination?', 'reranker_on': False}","{'case_id': 'R7', 'chunk_size': 1200, 'config': 'reranker_off', 'evidence': [""It's the matrix that we needed to get this two one position to be zero. OK, good enough. So what do I do next? I need another matrix, right? I need to, there's another step here. And I want to express the whole elimination process in matrix language. So tell me what now, so next step, step two, which was what? Subtract, what was the actual step that we did? I think I subtracted, do you remember? I had a two in the pivot and a four below it, so I subtracted two times row two from row three. From row three. Tell me the matrix that'll do that. And tell me its name. OK, it's going to be E for elem"", ""And you've seen that already, and I just want to collect the ideas together. And in principle, I could even have to do that two times, or more times. So I have to allow, to complete the theory, the possibility that I take my matrix A, I start elimination, I find out that I need row exchanges, and I do it and continue and I finish. Okay, then all I want to do is say, and I won't make a big project out of this, what happens to A equal L u? So A equal L u, L u, this was a matrix L with ones on the diagonal and zeros above and multipliers below, and this u we know, with zeros down here, that's onl"", ""is the most basic factorization of a matrix. It's, it's, I always worry that you will think this course is just, is all elimination. It's just row operations. And please don't. It's, it will, will be beyond that. But it's the right, it's, it's the right algebra to do first. Okay, so now I'm coming near the end of it, but I want to get it in a decent form. So my decent form is matrix form. I have a matrix a. Let's suppose it's a good matrix. I can do elimination. No row exchanges. So no row exchanges for now. Pivots all find nothing zero in the pivot position. I get to the very end, which is u.""], 'expected_lecture': 4, 'k': 3, 'latency_s': 0.0126, 'question': 'How is LU related to elimination?', 'reranker': False, 'reranker_latency_s': 0.0, 'retrieved_lectures': [2, 5, 4], 'timestamps': ['29:21', '02:12', '07:07'], 'top_lecture': 2, 'top_lecture_correct': False}",
01a04ce4-8f88-76c3-98d9-7881c07abef2,benchmark_question,2026-08-29 09:40:42.504097+00:00,2026-08-29 09:40:42.523582+00:00,0.019485,"{'case_id': 'R6', 'chunk_size': 1200, 'config_name': 'reranker_off', 'expected_lecture': 4, 'k': 3, 'question': 'In Lecture 4, why does the factorization A = LU matter?', 'reranker_on': False}","{'case_id': 'R6', 'chunk_size': 1200, 'config': 'reranker_off', 'evidence': [""is the most basic factorization of a matrix. It's, it's, I always worry that you will think this course is just, is all elimination. It's just row operations. And please don't. It's, it will, will be beyond that. But it's the right, it's, it's the right algebra to do first. Okay, so now I'm coming near the end of it, but I want to get it in a decent form. So my decent form is matrix form. I have a matrix a. Let's suppose it's a good matrix. I can do elimination. No row exchanges. So no row exchanges for now. Pivots all find nothing zero in the pivot position. I get to the very end, which is u."", ""and together they gave me an E that does both steps. And the net result was to get an I here. And you can tell me what that has to be. This is like the picture of what happened. If E multiplied A, whatever that E is, we never figured it out in this way. But whatever that E times A is, what's E times A? It's I. That E, whatever the heck it was, multiplied A and produced I. So E must be, EA equaling I tells us what E is. Namely, it is the inverse of A. Great. And therefore, when the second half, when E multiplies I, it's E, but that's A inverse. You see the picture looking that way? E times A is"", ""Maybe, maybe rather than saying left of A, left of U, let me write down again what I mean. E, A is U, whereas A is L U. Okay. Let me, let me make the point now in words. The, the order that the matrices come for L is the right order. The two and the five don't sort of interfere to produce this tent. In the, in the right order, the multipliers just fit in the matrix L. That's, that's the point. That the, so that, that if I want to know L, I've got, I've no work to do. I just keep a record of what those multipliers were. And that gives me L. So, so I'll draw the, draw the, so let me, let me stat""], 'expected_lecture': 4, 'k': 3, 'latency_s': 0.0191, 'question': 'In Lecture 4, why does the factorization A = LU matter?', 'reranker': False, 'reranker_latency_s': 0.0, 'retrieved_lectures': [4, 3, 4], 'timestamps': ['07:07', '44:26', '22:41'], 'top_lecture': 4, 'top_lecture_correct': True}",
01a04ce4-8f75-73f1-a0b4-49ffa8a29b3b,benchmark_question,2026-08-29 09:40:42.485649+00:00,2026-08-29 09:40:42.503692+00:00,0.018043,"{'case_id': 'R5', 'chunk_size': 1200, 'config_name': 'reranker_off', 'expected_lecture': 3, 'k': 3, 'question': 'What is discussed about inverse matrices in Lecture 3?', 'reranker_on': False}","{'case_id': 'R5', 'chunk_size': 1200, 'config': 'reranker_off', 'evidence': [""transposes come in the opposite order. So it's a inverse transpose times a transpose giving the identity. So that's, this equation, it just comes directly from that one. But this equation tells me what I wanted to know. Namely, what is the inverse of this guy a transpose? What's the inverse of that, if I transpose a matrix, what's, what's the inverse of the result? And this equation tells me that here it is. This is, this is the inverse of a transpose. Inverse of a transpose. I just, so I'll put a big circle around that because that's the answer, that's the best answer we could hope for. That "", ""a is invertible and b is invertible, then what matrix gives me the inverse of ab? So that's the direct question. What's the inverse of ab? Do I multiply those separate inverses? Yes. I multiply the two matrices, a inverse and b inverse, but what order do I multiply them? In reverse order. And you see why? So the right thing to put here is b inverse a inverse. That's the inverse I'm asking. We can just check that ab times that matrix gives the identity. Okay, so why? Once again it's this fact that I can move parentheses around. I can actually, I can just erase them all and do the multiplication"", ""So let me make the first step at what's the inverse matrix. All the matrices you've seen on this board have inverses. I didn't write any bad matrices down. We spoke about possible failure, and for a moment, we put in a matrix that would fail. But right now, all these matrices are good. They're all invertible. And let's take the inverse. Well, let me say first what does the inverse mean, and find it. Okay, so we're getting a little leg up on inverses. Okay, so this is the final moments of today. Ah, sorry, he's still there. Inverses. Okay, and I'm just going to take one example, and then we're ""], 'expected_lecture': 3, 'k': 3, 'latency_s': 0.0166, 'question': 'What is discussed about inverse matrices in Lecture 3?', 'reranker': False, 'reranker_latency_s': 0.0, 'retrieved_lectures': [4, 4, 2], 'timestamps': ['05:12', '01:56', '43:29'], 'top_lecture': 4, 'top_lecture_correct': False}",
01a04ce4-8f65-70f1-883f-72e40ffc58c0,benchmark_question,2026-08-29 09:40:42.469987+00:00,2026-08-29 09:40:42.485197+00:00,0.01521,"{'case_id': 'R4', 'chunk_size': 1200, 'config_name': 'reranker_off', 'expected_lecture': 2, 'k': 3, 'question': 'What is elimination and why do we use it?', 'reranker_on': False}","{'case_id': 'R4', 'chunk_size': 1200, 'config': 'reranker_off', 'evidence': [""Okay. This is it. This is then the second lecture in linear algebra. And I've put below my main topics for today. I put right there a system of equations that's going to be our example to work with. But what are we going to do with it? We're going to solve it. And the method of solution will not be determinants. Determinants are something that will come later. The method we'll use is called elimination. And it's the way every software package solves equations. And so an elimination, well if it succeeds it gets the answer. And normally it does succeed. If the matrix A that's coming into that sy"", ""It's a natural idea, and died earlier too. OK, so, but then, and you've seen the idea. But now the part that I want to show you is elimination expressed in matrix language. Because the whole course, all the key ideas get expressed as matrix operations, not as words. And one of the operations, of course, that we'll meet is how do we multiply matrices and why? OK, so there's a system of equations. Three equations in three unknowns. And there's the matrix, the three by three matrix. So this is the system ax equal b, you could say. This is our system to solve, ax equal. And the right-hand side is "", ""elimination, which is the systematic way that everybody, every bit of software, too, production, large-scale software would solve the equation. So the lecture that's coming up, if I was to add that to the syllabus, will be about how to find x, y, z in all cases. Can I just think again, though, about the big picture? By the big picture, I mean let's keep this same matrix on the left, but imagine that we have a different right-hand side. Oh, let me take a different right-hand side. So I'll change that right-hand side to something that actually is also pretty special. Let me change it to, suppose""], 'expected_lecture': 2, 'k': 3, 'latency_s': 0.0148, 'question': 'What is elimination and why do we use it?', 'reranker': False, 'reranker_latency_s': 0.0, 'retrieved_lectures': [2, 2, 1], 'timestamps': ['00:00', '01:54', '25:38'], 'top_lecture': 2, 'top_lecture_correct': True}",
01a04ce4-8f57-7041-8723-6b234cb34a26,benchmark_question,2026-08-29 09:40:42.455606+00:00,2026-08-29 09:40:42.469572+00:00,0.013966,"{'case_id': 'R3', 'chunk_size': 1200, 'config_name': 'reranker_off', 'expected_lecture': 1, 'k': 3, 'question': 'What is a linear combination in the column picture?', 'reranker_on': False}","{'case_id': 'R3', 'chunk_size': 1200, 'config': 'reranker_off', 'evidence': [""this one in the right amounts to get that one. It's asking us to find the right linear combination. This is called a linear combination, and it's the most fundamental operation in the whole course. It's a linear combination of the columns. That's what we're seeing on the left side. Again, I don't want to write down a big definition. You can see what it is. There's column one, there's column two. I multiply by some numbers and I add. That's a combination, a linear combination, and I want to make those numbers the right numbers to produce zero three. Okay, now I want to draw a picture that repre"", ""equation, two in the second, and maybe minus three in the third. Just the second column of my matrix. And z times no z's, minus one z's, and four z's. And it's those three columns, right, that I have to combine to produce the right-hand side, which is zero, minus one, four. Okay. So what have we got on this left-hand side? A linear combination. It's a linear combination now of three vectors, and they happen to be, each one is a three-dimensional vector. So we want to know what combination of those three vectors produces that one. Shall I try to draw the column picture then? So since these vect"", ""is the first component and up two, it's here. There's column two. So this, again, you see what its components are. Its components are minus one, two. Good, that's this guy. Now what is, what, now I have to take a combination. What combination shall I take? Why not the right combination? What the hell? Okay, so what the combination I'm going to take is the right one to produce zero three and then we'll see it happen in the picture. So the right combination is to take x is one of those and two of these. It's because we already know that that's the right x and y, so why not take the correct combi""], 'expected_lecture': 1, 'k': 3, 'latency_s': 0.0135, 'question': 'What is a linear combination in the column picture?', 'reranker': False, 'reranker_latency_s': 0.0, 'retrieved_lectures': [1, 1, 1], 'timestamps': ['09:42', '22:22', '11:19'], 'top_lecture': 1, 'top_lecture_correct': True}",
01a04ce4-8f47-7722-b1ce-a7a987a93112,benchmark_question,2026-08-29 09:40:42.439267+00:00,2026-08-29 09:40:42.455180+00:00,0.015913,"{'case_id': 'R2', 'chunk_size': 1200, 'config_name': 'reranker_off', 'expected_lecture': 1, 'k': 3, 'question': 'What is the column picture?', 'reranker_on': False}","{'case_id': 'R2', 'chunk_size': 1200, 'config': 'reranker_off', 'evidence': [""this one in the right amounts to get that one. It's asking us to find the right linear combination. This is called a linear combination, and it's the most fundamental operation in the whole course. It's a linear combination of the columns. That's what we're seeing on the left side. Again, I don't want to write down a big definition. You can see what it is. There's column one, there's column two. I multiply by some numbers and I add. That's a combination, a linear combination, and I want to make those numbers the right numbers to produce zero three. Okay, now I want to draw a picture that repre"", ""find it. The main point is that there is, that the three planes, because they're, you know, they're not parallel, they're not special, they do meet in one point, and that's the solution. But maybe you can see that this row picture is getting a little hard to see. The row picture was a cinch when we looked at two lines meeting. When we look at three planes meeting, it's not so clear and in four dimensions, probably a little less clear. So can I quit on the row picture? I'll quit on the row picture before I've successfully found the point where the three planes meet. All I really want to see is "", ""here's a, so I call that column one. And what's going in there is a times column one. Okay, so that's the picture of column at a time. So what does that tell me? What does that tell me about these columns? These columns of C are combinations, because we've seen that before, of columns of A. Every one of these comes from A times this and A times a vector is a combination of the columns of A. And, right, and it makes sense, because the columns of A have length n and the columns of C have length n. And every column of C is some combination of the columns of A. And it's these numbers in here that ""], 'expected_lecture': 1, 'k': 3, 'latency_s': 0.0151, 'question': 'What is the column picture?', 'reranker': False, 'reranker_latency_s': 0.0, 'retrieved_lectures': [1, 1, 3], 'timestamps': ['09:42', '20:56', '08:39'], 'top_lecture': 1, 'top_lecture_correct': True}",
01a04ce4-8f2a-76e3-bc44-751d1dacfb80,benchmark_question,2026-08-29 09:40:42.410481+00:00,2026-08-29 09:40:42.438625+00:00,0.028144,"{'case_id': 'R1', 'chunk_size': 1200, 'config_name': 'reranker_off', 'expected_lecture': 1, 'k': 3, 'question': 'What is the row picture of a system of linear equations?', 'reranker_on': False}","{'case_id': 'R1', 'chunk_size': 1200, 'config': 'reranker_off', 'evidence': [""Let's just check this. If x is one, I have a minus one, plus four equals three. Okay, apologies for drawing this picture that you've seen before. But this, seeing the row picture, first of all, for n equal two, two equations and two unknowns, it's the right place to start. Okay, so we've got the solution, the point that lies on both lines. Now can I come to the column picture? Pay attention, this is the key point. So the column picture. I'm now going to look at the columns of the matrix. I'm going to look at this part and this part. I'm going to say that the x part is really, so it's really x "", ""Hi, this is the first lecture in MIT's course, 1806, linear algebra, and I'm Gilbert Strang. The text for the course is this book, Introduction to Linear Algebra, and the course webpage, which has got a lot of exercises from the past, MATLAB codes, the syllabus for the course is web.mit.edu slash 18.06, and this is the first lecture, lecture one. And later we'll say which will give the web address for viewing these videotapes. Okay, so what's in the first lecture? This is my plan, the fundamental problem of linear algebra, which is to solve a system of linear equations. So let's start with the"", ""right, even before the, before the pictures. So I always will think of this as the matrix a, the matrix of coefficients. Then there's a vector of unknowns. Here we've only got two unknowns. Later we'll have any number of unknowns. And that vector of unknowns, well I'll often, I'll make that x extra, extra bold. And the right hand side is also a vector that I'll always call b. So linear equations are ax equal b, and the idea now is to solve this particular example and then step back to see the bigger picture. Okay, what's the picture for this example, the row picture? Okay, so here comes the ro""], 'expected_lecture': 1, 'k': 3, 'latency_s': 0.0252, 'question': 'What is the row picture of a system of linear equations?', 'reranker': False, 'reranker_latency_s': 0.0, 'retrieved_lectures': [1, 1, 1], 'timestamps': ['08:10', '00:00', '03:37'], 'top_lecture': 1, 'top_lecture_correct': True}",
01a04ce4-8ec5-70e3-9afa-77bfda1bfa32,benchmark_question,2026-08-29 09:40:42.309106+00:00,2026-08-29 09:40:42.323065+00:00,0.013959,"{'case_id': 'R8', 'chunk_size': 1200, 'config_name': 'k_5', 'expected_lecture': 1, 'k': 5, 'question': 'What is the difference between the row picture and the column picture?', 'reranker_on': False}","{'case_id': 'R8', 'chunk_size': 1200, 'config': 'k_5', 'evidence': [""different from taking a row times a column. So a column of A was, what's the shape of a column of A? M by 1. A column of A is a column. It's got M entries and one column. And what's a row of B? It's got one row and P columns. So what's the shape, what do I get if I multiply a column by a row? I get a big matrix. I get a full size matrix. If I multiply a column by a row, I get, shall we just do one? Let me take the column 234 times the row 16. That is that product there. I mean, I'm just following the rules of matrix multiplication. Those rules are just looking like kind of petite, kind of smal"", ""what will the answer be for that matrix multiplication? Well, this one is just going to give us 0. So in fact, I'm back to this, that's the answer for that matrix multiplication. I'm sort of like happy to put up here these facts about matrix multiplication because it gives me a chance to write down special matrices like this. This is a special matrix. All those rows lie on the same line. All those rows lie on the line through 1, 6. If I draw a picture of all these row vectors, they're all the same direction. If I draw a picture of these two column vectors, they're in the same direction. Later,"", ""here's a, so I call that column one. And what's going in there is a times column one. Okay, so that's the picture of column at a time. So what does that tell me? What does that tell me about these columns? These columns of C are combinations, because we've seen that before, of columns of A. Every one of these comes from A times this and A times a vector is a combination of the columns of A. And, right, and it makes sense, because the columns of A have length n and the columns of C have length n. And every column of C is some combination of the columns of A. And it's these numbers in here that "", ""And that's the central sort of, we're looking at linear algebra at a higher level. When I look at A, I want to look at AX equal B. That'll be the first thing in the next lecture. How do I understand AX equal B in this language, in this new language of vector spaces and column spaces? And what are other subspaces? So the column space is a big one. There are others to come. OK, thanks."", ""find it. The main point is that there is, that the three planes, because they're, you know, they're not parallel, they're not special, they do meet in one point, and that's the solution. But maybe you can see that this row picture is getting a little hard to see. The row picture was a cinch when we looked at two lines meeting. When we look at three planes meeting, it's not so clear and in four dimensions, probably a little less clear. So can I quit on the row picture? I'll quit on the row picture before I've successfully found the point where the three planes meet. All I really want to see is ""], 'expected_lecture': 1, 'k': 5, 'latency_s': 0.0135, 'question': 'What is the difference between the row picture and the column picture?', 'reranker': False, 'reranker_latency_s': 0.0, 'retrieved_lectures': [3, 3, 3, 5, 1], 'timestamps': ['12:44', '16:43', '08:39', '46:57', '20:56'], 'top_lecture': 3, 'top_lecture_correct': False}",
01a04ce4-8eb4-7fe2-aba7-55ae4a246a4b,benchmark_question,2026-08-29 09:40:42.292089+00:00,2026-08-29 09:40:42.308706+00:00,0.016617,"{'case_id': 'R7', 'chunk_size': 1200, 'config_name': 'k_5', 'expected_lecture': 4, 'k': 5, 'question': 'How is LU related to elimination?', 'reranker_on': False}","{'case_id': 'R7', 'chunk_size': 1200, 'config': 'k_5', 'evidence': [""It's the matrix that we needed to get this two one position to be zero. OK, good enough. So what do I do next? I need another matrix, right? I need to, there's another step here. And I want to express the whole elimination process in matrix language. So tell me what now, so next step, step two, which was what? Subtract, what was the actual step that we did? I think I subtracted, do you remember? I had a two in the pivot and a four below it, so I subtracted two times row two from row three. From row three. Tell me the matrix that'll do that. And tell me its name. OK, it's going to be E for elem"", ""And you've seen that already, and I just want to collect the ideas together. And in principle, I could even have to do that two times, or more times. So I have to allow, to complete the theory, the possibility that I take my matrix A, I start elimination, I find out that I need row exchanges, and I do it and continue and I finish. Okay, then all I want to do is say, and I won't make a big project out of this, what happens to A equal L u? So A equal L u, L u, this was a matrix L with ones on the diagonal and zeros above and multipliers below, and this u we know, with zeros down here, that's onl"", ""is the most basic factorization of a matrix. It's, it's, I always worry that you will think this course is just, is all elimination. It's just row operations. And please don't. It's, it will, will be beyond that. But it's the right, it's, it's the right algebra to do first. Okay, so now I'm coming near the end of it, but I want to get it in a decent form. So my decent form is matrix form. I have a matrix a. Let's suppose it's a good matrix. I can do elimination. No row exchanges. So no row exchanges for now. Pivots all find nothing zero in the pivot position. I get to the very end, which is u."", ""Maybe, maybe rather than saying left of A, left of U, let me write down again what I mean. E, A is U, whereas A is L U. Okay. Let me, let me make the point now in words. The, the order that the matrices come for L is the right order. The two and the five don't sort of interfere to produce this tent. In the, in the right order, the multipliers just fit in the matrix L. That's, that's the point. That the, so that, that if I want to know L, I've got, I've no work to do. I just keep a record of what those multipliers were. And that gives me L. So, so I'll draw the, draw the, so let me, let me stat"", ""elimination, as you, when you've done, when you've finished with row two of A, you've created a new row two of U, which you have to save, and you've created the multipliers that you used, which you have to save, and then you can forget A. So the, because it's all there in L and U. So that's, that's like, this moment is maybe the, the new insight in elimination that comes from matrix, doing it in matrix form. So it was a product of, of E's is, we can't see what that product of E's is. The, the matrix E is not particularly attractive. What's great is when we put them on the other side, they're i""], 'expected_lecture': 4, 'k': 5, 'latency_s': 0.0161, 'question': 'How is LU related to elimination?', 'reranker': False, 'reranker_latency_s': 0.0, 'retrieved_lectures': [2, 5, 4, 4, 4], 'timestamps': ['29:21', '02:12', '07:07', '22:41', '24:58'], 'top_lecture': 2, 'top_lecture_correct': False}",
01a04ce4-8e9c-74c2-b247-8bcd9d9eb162,benchmark_question,2026-08-29 09:40:42.268907+00:00,2026-08-29 09:40:42.291692+00:00,0.022785,"{'case_id': 'R6', 'chunk_size': 1200, 'config_name': 'k_5', 'expected_lecture': 4, 'k': 5, 'question': 'In Lecture 4, why does the factorization A = LU matter?', 'reranker_on': False}","{'case_id': 'R6', 'chunk_size': 1200, 'config': 'k_5', 'evidence': [""is the most basic factorization of a matrix. It's, it's, I always worry that you will think this course is just, is all elimination. It's just row operations. And please don't. It's, it will, will be beyond that. But it's the right, it's, it's the right algebra to do first. Okay, so now I'm coming near the end of it, but I want to get it in a decent form. So my decent form is matrix form. I have a matrix a. Let's suppose it's a good matrix. I can do elimination. No row exchanges. So no row exchanges for now. Pivots all find nothing zero in the pivot position. I get to the very end, which is u."", ""and together they gave me an E that does both steps. And the net result was to get an I here. And you can tell me what that has to be. This is like the picture of what happened. If E multiplied A, whatever that E is, we never figured it out in this way. But whatever that E times A is, what's E times A? It's I. That E, whatever the heck it was, multiplied A and produced I. So E must be, EA equaling I tells us what E is. Namely, it is the inverse of A. Great. And therefore, when the second half, when E multiplies I, it's E, but that's A inverse. You see the picture looking that way? E times A is"", ""Maybe, maybe rather than saying left of A, left of U, let me write down again what I mean. E, A is U, whereas A is L U. Okay. Let me, let me make the point now in words. The, the order that the matrices come for L is the right order. The two and the five don't sort of interfere to produce this tent. In the, in the right order, the multipliers just fit in the matrix L. That's, that's the point. That the, so that, that if I want to know L, I've got, I've no work to do. I just keep a record of what those multipliers were. And that gives me L. So, so I'll draw the, draw the, so let me, let me stat"", ""questions. Let me ask those questions again. Is it proportional? Does it go like N? Like N squared? Like N cubed? Like some higher power of N? Like N factorial? Where, where every step up multiplies by a hundred and then by a hundred and one and then by a hundred and two. Which is it? Okay, so that's the only way I know to answer that is to, is to think through what we actually had to do. Okay, so how much, what was the cost here? Well, let's see, what do I mean by an operation? I guess I mean, well, in addition, yeah, no big deal, I guess I mean in addition or a subtraction or a multiplicatio"", ""And the last row is the one we do change. And what do I do? Let's see, I've subtracted two times, so what's this row? What's this here? Zero, right? Because the first row is not involved. It's just in the three two position, isn't it? The key number is this minus the multiplier that goes sitting there in that three two position. So is it a minus two to subtract two? And then this is a one, so that the overall effect is to take minus two of this row plus one of that. OK. So I've now given you the pieces. The elimination matrices, the elementary matrices that take each step. So now what? Now the""], 'expected_lecture': 4, 'k': 5, 'latency_s': 0.0224, 'question': 'In Lecture 4, why does the factorization A = LU matter?', 'reranker': False, 'reranker_latency_s': 0.0, 'retrieved_lectures': [4, 3, 4, 4, 2], 'timestamps': ['07:07', '44:26', '22:41', '29:45', '31:23'], 'top_lecture': 4, 'top_lecture_correct': True}",
01a04ce4-8e8e-77c3-8884-e806e5f8c38c,benchmark_question,2026-08-29 09:40:42.254591+00:00,2026-08-29 09:40:42.268521+00:00,0.01393,"{'case_id': 'R5', 'chunk_size': 1200, 'config_name': 'k_5', 'expected_lecture': 3, 'k': 5, 'question': 'What is discussed about inverse matrices in Lecture 3?', 'reranker_on': False}","{'case_id': 'R5', 'chunk_size': 1200, 'config': 'k_5', 'evidence': [""transposes come in the opposite order. So it's a inverse transpose times a transpose giving the identity. So that's, this equation, it just comes directly from that one. But this equation tells me what I wanted to know. Namely, what is the inverse of this guy a transpose? What's the inverse of that, if I transpose a matrix, what's, what's the inverse of the result? And this equation tells me that here it is. This is, this is the inverse of a transpose. Inverse of a transpose. I just, so I'll put a big circle around that because that's the answer, that's the best answer we could hope for. That "", ""a is invertible and b is invertible, then what matrix gives me the inverse of ab? So that's the direct question. What's the inverse of ab? Do I multiply those separate inverses? Yes. I multiply the two matrices, a inverse and b inverse, but what order do I multiply them? In reverse order. And you see why? So the right thing to put here is b inverse a inverse. That's the inverse I'm asking. We can just check that ab times that matrix gives the identity. Okay, so why? Once again it's this fact that I can move parentheses around. I can actually, I can just erase them all and do the multiplication"", ""So let me make the first step at what's the inverse matrix. All the matrices you've seen on this board have inverses. I didn't write any bad matrices down. We spoke about possible failure, and for a moment, we put in a matrix that would fail. But right now, all these matrices are good. They're all invertible. And let's take the inverse. Well, let me say first what does the inverse mean, and find it. Okay, so we're getting a little leg up on inverses. Okay, so this is the final moments of today. Ah, sorry, he's still there. Inverses. Okay, and I'm just going to take one example, and then we're "", ""that matrix on the right will produce that identity. For rectangular matrices, we'll see a left inverse that isn't the right inverse. In fact, the shapes wouldn't allow it. But for square matrices, the shapes allow it and it happens. If A has an inverse. Okay, so give me some cases. Let's see, I, I hate to be negative here, but let's talk about the case with no inverse. So, so this is, this is, these matrices are called invertible or non-singular. Those are the invertibles. And we want to be able to identify how, if we're given a matrix, it hasn't got an inverse. Can I talk about the singular "", ""non-invertible matrices, singular matrices, some combinations of their, some combinations of their columns gives a 0 problem. They take some vector x into 0. And there's no way A inverse can recover. That's what this equation says. This equation says I take this vector x and multiplying by A gives 0. But then, when I multiply by A inverse, I can never escape from 0. So, there couldn't be an A inverse where here, okay, now fix, alright, now, let me take a, alright, back to the positive side. Let's take a matrix that does have an inverse and why not invert it? Okay. So, let me take, on this thir""], 'expected_lecture': 3, 'k': 5, 'latency_s': 0.0135, 'question': 'What is discussed about inverse matrices in Lecture 3?', 'reranker': False, 'reranker_latency_s': 0.0, 'retrieved_lectures': [4, 4, 2, 3, 3], 'timestamps': ['05:12', '01:56', '43:29', '23:49', '31:07'], 'top_lecture': 4, 'top_lecture_correct': False}",
01a04ce4-8e7d-76d0-a570-a1b2a2bd10da,benchmark_question,2026-08-29 09:40:42.237987+00:00,2026-08-29 09:40:42.254074+00:00,0.016087,"{'case_id': 'R4', 'chunk_size': 1200, 'config_name': 'k_5', 'expected_lecture': 2, 'k': 5, 'question': 'What is elimination and why do we use it?', 'reranker_on': False}","{'case_id': 'R4', 'chunk_size': 1200, 'config': 'k_5', 'evidence': [""Okay. This is it. This is then the second lecture in linear algebra. And I've put below my main topics for today. I put right there a system of equations that's going to be our example to work with. But what are we going to do with it? We're going to solve it. And the method of solution will not be determinants. Determinants are something that will come later. The method we'll use is called elimination. And it's the way every software package solves equations. And so an elimination, well if it succeeds it gets the answer. And normally it does succeed. If the matrix A that's coming into that sy"", ""It's a natural idea, and died earlier too. OK, so, but then, and you've seen the idea. But now the part that I want to show you is elimination expressed in matrix language. Because the whole course, all the key ideas get expressed as matrix operations, not as words. And one of the operations, of course, that we'll meet is how do we multiply matrices and why? OK, so there's a system of equations. Three equations in three unknowns. And there's the matrix, the three by three matrix. So this is the system ax equal b, you could say. This is our system to solve, ax equal. And the right-hand side is "", ""elimination, which is the systematic way that everybody, every bit of software, too, production, large-scale software would solve the equation. So the lecture that's coming up, if I was to add that to the syllabus, will be about how to find x, y, z in all cases. Can I just think again, though, about the big picture? By the big picture, I mean let's keep this same matrix on the left, but imagine that we have a different right-hand side. Oh, let me take a different right-hand side. So I'll change that right-hand side to something that actually is also pretty special. Let me change it to, suppose"", ""those, those elimination steps I now want to express as matrices. Okay, here they come. So now this is elimination matrices. Okay, let me take that, let me take that first step, which, which took me from 1, 2, 1, 3, 8, 1, 0, 4, 1. I, I want to operate on that. I, I want to do elimination on that. Okay. Okay, now actually I'm remembering a point I want to, I want to single out as, as, as especially important. Let me, let me move the board up for that. Because when we do matrix operations, we've got to like be able to see the big picture. Okay, last time I spoke about the big picture of, when I "", ""It's the matrix that we needed to get this two one position to be zero. OK, good enough. So what do I do next? I need another matrix, right? I need to, there's another step here. And I want to express the whole elimination process in matrix language. So tell me what now, so next step, step two, which was what? Subtract, what was the actual step that we did? I think I subtracted, do you remember? I had a two in the pivot and a four below it, so I subtracted two times row two from row three. From row three. Tell me the matrix that'll do that. And tell me its name. OK, it's going to be E for elem""], 'expected_lecture': 2, 'k': 5, 'latency_s': 0.0152, 'question': 'What is elimination and why do we use it?', 'reranker': False, 'reranker_latency_s': 0.0, 'retrieved_lectures': [2, 2, 1, 2, 2], 'timestamps': ['00:00', '01:54', '25:38', '19:40', '29:21'], 'top_lecture': 2, 'top_lecture_correct': True}",
01a04ce4-8e67-7633-8669-53e1b4e525ab,benchmark_question,2026-08-29 09:40:42.215972+00:00,2026-08-29 09:40:42.237441+00:00,0.021469,"{'case_id': 'R3', 'chunk_size': 1200, 'config_name': 'k_5', 'expected_lecture': 1, 'k': 5, 'question': 'What is a linear combination in the column picture?', 'reranker_on': False}","{'case_id': 'R3', 'chunk_size': 1200, 'config': 'k_5', 'evidence': [""this one in the right amounts to get that one. It's asking us to find the right linear combination. This is called a linear combination, and it's the most fundamental operation in the whole course. It's a linear combination of the columns. That's what we're seeing on the left side. Again, I don't want to write down a big definition. You can see what it is. There's column one, there's column two. I multiply by some numbers and I add. That's a combination, a linear combination, and I want to make those numbers the right numbers to produce zero three. Okay, now I want to draw a picture that repre"", ""equation, two in the second, and maybe minus three in the third. Just the second column of my matrix. And z times no z's, minus one z's, and four z's. And it's those three columns, right, that I have to combine to produce the right-hand side, which is zero, minus one, four. Okay. So what have we got on this left-hand side? A linear combination. It's a linear combination now of three vectors, and they happen to be, each one is a three-dimensional vector. So we want to know what combination of those three vectors produces that one. Shall I try to draw the column picture then? So since these vect"", ""is the first component and up two, it's here. There's column two. So this, again, you see what its components are. Its components are minus one, two. Good, that's this guy. Now what is, what, now I have to take a combination. What combination shall I take? Why not the right combination? What the hell? Okay, so what the combination I'm going to take is the right one to produce zero three and then we'll see it happen in the picture. So the right combination is to take x is one of those and two of these. It's because we already know that that's the right x and y, so why not take the correct combi"", ""here's a, so I call that column one. And what's going in there is a times column one. Okay, so that's the picture of column at a time. So what does that tell me? What does that tell me about these columns? These columns of C are combinations, because we've seen that before, of columns of A. Every one of these comes from A times this and A times a vector is a combination of the columns of A. And, right, and it makes sense, because the columns of A have length n and the columns of C have length n. And every column of C is some combination of the columns of A. And it's these numbers in here that "", ""component, I'm getting a two and a ten. I'm getting a twelve there. In the second component, I'm getting a one and a six. I'm getting a seven. So that, that matrix times that vector is twelve seven. Now, you could do that another way. You could do it a row at a time. You could do, and you would get this twelve, and actually I pretty much did it here, this way. Two, I could take that row times my vector. This is, this is all the time, this is the idea of a dot product. This vector times this vector. Two times one plus five times two is the twelve. This vector times this vector. One times one pl""], 'expected_lecture': 1, 'k': 5, 'latency_s': 0.021, 'question': 'What is a linear combination in the column picture?', 'reranker': False, 'reranker_latency_s': 0.0, 'retrieved_lectures': [1, 1, 1, 3, 1], 'timestamps': ['09:42', '22:22', '11:19', '08:39', '37:19'], 'top_lecture': 1, 'top_lecture_correct': True}",
01a04ce4-8e50-7d52-940c-cd11d31b8f62,benchmark_question,2026-08-29 09:40:42.192840+00:00,2026-08-29 09:40:42.215441+00:00,0.022601,"{'case_id': 'R2', 'chunk_size': 1200, 'config_name': 'k_5', 'expected_lecture': 1, 'k': 5, 'question': 'What is the column picture?', 'reranker_on': False}","{'case_id': 'R2', 'chunk_size': 1200, 'config': 'k_5', 'evidence': [""this one in the right amounts to get that one. It's asking us to find the right linear combination. This is called a linear combination, and it's the most fundamental operation in the whole course. It's a linear combination of the columns. That's what we're seeing on the left side. Again, I don't want to write down a big definition. You can see what it is. There's column one, there's column two. I multiply by some numbers and I add. That's a combination, a linear combination, and I want to make those numbers the right numbers to produce zero three. Okay, now I want to draw a picture that repre"", ""find it. The main point is that there is, that the three planes, because they're, you know, they're not parallel, they're not special, they do meet in one point, and that's the solution. But maybe you can see that this row picture is getting a little hard to see. The row picture was a cinch when we looked at two lines meeting. When we look at three planes meeting, it's not so clear and in four dimensions, probably a little less clear. So can I quit on the row picture? I'll quit on the row picture before I've successfully found the point where the three planes meet. All I really want to see is "", ""here's a, so I call that column one. And what's going in there is a times column one. Okay, so that's the picture of column at a time. So what does that tell me? What does that tell me about these columns? These columns of C are combinations, because we've seen that before, of columns of A. Every one of these comes from A times this and A times a vector is a combination of the columns of A. And, right, and it makes sense, because the columns of A have length n and the columns of C have length n. And every column of C is some combination of the columns of A. And it's these numbers in here that "", ""Let's just check this. If x is one, I have a minus one, plus four equals three. Okay, apologies for drawing this picture that you've seen before. But this, seeing the row picture, first of all, for n equal two, two equations and two unknowns, it's the right place to start. Okay, so we've got the solution, the point that lies on both lines. Now can I come to the column picture? Pay attention, this is the key point. So the column picture. I'm now going to look at the columns of the matrix. I'm going to look at this part and this part. I'm going to say that the x part is really, so it's really x "", ""I'm going to look at the columns. I'm going to look at the columns. I'm going to look at the columns. I'm going to build on what I know already. How do I multiply a matrix by a column? How do I, I know how to multiply this matrix by that column? So I call that column one. That tells me column one of the answer. The matrix times the first column is that first column. Because none of this stuff enters that part of the answer. The matrix times the second column is the second column of the answer. Do you see what I'm saying? That I could think of multiplying a matrix by a vector, which I already k""], 'expected_lecture': 1, 'k': 5, 'latency_s': 0.0194, 'question': 'What is the column picture?', 'reranker': False, 'reranker_latency_s': 0.0, 'retrieved_lectures': [1, 1, 3, 1, 3], 'timestamps': ['09:42', '20:56', '08:39', '08:10', '07:10'], 'top_lecture': 1, 'top_lecture_correct': True}",
01a04ce4-8e3f-7682-8c76-76c5ca3c4a66,benchmark_question,2026-08-29 09:40:42.175734+00:00,2026-08-29 09:40:42.192431+00:00,0.016697,"{'case_id': 'R1', 'chunk_size': 1200, 'config_name': 'k_5', 'expected_lecture': 1, 'k': 5, 'question': 'What is the row picture of a system of linear equations?', 'reranker_on': False}","{'case_id': 'R1', 'chunk_size': 1200, 'config': 'k_5', 'evidence': [""Let's just check this. If x is one, I have a minus one, plus four equals three. Okay, apologies for drawing this picture that you've seen before. But this, seeing the row picture, first of all, for n equal two, two equations and two unknowns, it's the right place to start. Okay, so we've got the solution, the point that lies on both lines. Now can I come to the column picture? Pay attention, this is the key point. So the column picture. I'm now going to look at the columns of the matrix. I'm going to look at this part and this part. I'm going to say that the x part is really, so it's really x "", ""Hi, this is the first lecture in MIT's course, 1806, linear algebra, and I'm Gilbert Strang. The text for the course is this book, Introduction to Linear Algebra, and the course webpage, which has got a lot of exercises from the past, MATLAB codes, the syllabus for the course is web.mit.edu slash 18.06, and this is the first lecture, lecture one. And later we'll say which will give the web address for viewing these videotapes. Okay, so what's in the first lecture? This is my plan, the fundamental problem of linear algebra, which is to solve a system of linear equations. So let's start with the"", ""right, even before the, before the pictures. So I always will think of this as the matrix a, the matrix of coefficients. Then there's a vector of unknowns. Here we've only got two unknowns. Later we'll have any number of unknowns. And that vector of unknowns, well I'll often, I'll make that x extra, extra bold. And the right hand side is also a vector that I'll always call b. So linear equations are ax equal b, and the idea now is to solve this particular example and then step back to see the bigger picture. Okay, what's the picture for this example, the row picture? Okay, so here comes the ro"", ""find it. The main point is that there is, that the three planes, because they're, you know, they're not parallel, they're not special, they do meet in one point, and that's the solution. But maybe you can see that this row picture is getting a little hard to see. The row picture was a cinch when we looked at two lines meeting. When we look at three planes meeting, it's not so clear and in four dimensions, probably a little less clear. So can I quit on the row picture? I'll quit on the row picture before I've successfully found the point where the three planes meet. All I really want to see is "", ""and just for variety, let me take minus three z's, minus three y's, I should keep the y's in that line, and four z's is say four. Okay, that's three equations, I'm in three dimensions x, y, z, and I don't have a solution yet, so I want to understand the equations and then solve them. Okay, so how do I, how do you understand them? The row picture is one way, the column picture is another very important way, just let's remember the matrix form here, because that's easy. The matrix form, what's our matrix A? Our matrix A is this right hand side, the two and the minus one, and the zero from the fi""], 'expected_lecture': 1, 'k': 5, 'latency_s': 0.0161, 'question': 'What is the row picture of a system of linear equations?', 'reranker': False, 'reranker_latency_s': 0.0, 'retrieved_lectures': [1, 1, 1, 1, 1], 'timestamps': ['08:10', '00:00', '03:37', '20:56', '15:58'], 'top_lecture': 1, 'top_lecture_correct': True}",
01a04ce4-8e2d-7380-8f63-7970dae7c392,benchmark_question,2026-08-29 09:40:42.157695+00:00,2026-08-29 09:40:42.172451+00:00,0.014756,"{'case_id': 'R8', 'chunk_size': 1200, 'config_name': 'k_3', 'expected_lecture': 1, 'k': 3, 'question': 'What is the difference between the row picture and the column picture?', 'reranker_on': False}","{'case_id': 'R8', 'chunk_size': 1200, 'config': 'k_3', 'evidence': [""different from taking a row times a column. So a column of A was, what's the shape of a column of A? M by 1. A column of A is a column. It's got M entries and one column. And what's a row of B? It's got one row and P columns. So what's the shape, what do I get if I multiply a column by a row? I get a big matrix. I get a full size matrix. If I multiply a column by a row, I get, shall we just do one? Let me take the column 234 times the row 16. That is that product there. I mean, I'm just following the rules of matrix multiplication. Those rules are just looking like kind of petite, kind of smal"", ""what will the answer be for that matrix multiplication? Well, this one is just going to give us 0. So in fact, I'm back to this, that's the answer for that matrix multiplication. I'm sort of like happy to put up here these facts about matrix multiplication because it gives me a chance to write down special matrices like this. This is a special matrix. All those rows lie on the same line. All those rows lie on the line through 1, 6. If I draw a picture of all these row vectors, they're all the same direction. If I draw a picture of these two column vectors, they're in the same direction. Later,"", ""here's a, so I call that column one. And what's going in there is a times column one. Okay, so that's the picture of column at a time. So what does that tell me? What does that tell me about these columns? These columns of C are combinations, because we've seen that before, of columns of A. Every one of these comes from A times this and A times a vector is a combination of the columns of A. And, right, and it makes sense, because the columns of A have length n and the columns of C have length n. And every column of C is some combination of the columns of A. And it's these numbers in here that ""], 'expected_lecture': 1, 'k': 3, 'latency_s': 0.0143, 'question': 'What is the difference between the row picture and the column picture?', 'reranker': False, 'reranker_latency_s': 0.0, 'retrieved_lectures': [3, 3, 3], 'timestamps': ['12:44', '16:43', '08:39'], 'top_lecture': 3, 'top_lecture_correct': False}",
01a04ce4-8e1f-76d0-9c6b-843c2fbc648b,benchmark_question,2026-08-29 09:40:42.143272+00:00,2026-08-29 09:40:42.157291+00:00,0.014019,"{'case_id': 'R7', 'chunk_size': 1200, 'config_name': 'k_3', 'expected_lecture': 4, 'k': 3, 'question': 'How is LU related to elimination?', 'reranker_on': False}","{'case_id': 'R7', 'chunk_size': 1200, 'config': 'k_3', 'evidence': [""It's the matrix that we needed to get this two one position to be zero. OK, good enough. So what do I do next? I need another matrix, right? I need to, there's another step here. And I want to express the whole elimination process in matrix language. So tell me what now, so next step, step two, which was what? Subtract, what was the actual step that we did? I think I subtracted, do you remember? I had a two in the pivot and a four below it, so I subtracted two times row two from row three. From row three. Tell me the matrix that'll do that. And tell me its name. OK, it's going to be E for elem"", ""And you've seen that already, and I just want to collect the ideas together. And in principle, I could even have to do that two times, or more times. So I have to allow, to complete the theory, the possibility that I take my matrix A, I start elimination, I find out that I need row exchanges, and I do it and continue and I finish. Okay, then all I want to do is say, and I won't make a big project out of this, what happens to A equal L u? So A equal L u, L u, this was a matrix L with ones on the diagonal and zeros above and multipliers below, and this u we know, with zeros down here, that's onl"", ""is the most basic factorization of a matrix. It's, it's, I always worry that you will think this course is just, is all elimination. It's just row operations. And please don't. It's, it will, will be beyond that. But it's the right, it's, it's the right algebra to do first. Okay, so now I'm coming near the end of it, but I want to get it in a decent form. So my decent form is matrix form. I have a matrix a. Let's suppose it's a good matrix. I can do elimination. No row exchanges. So no row exchanges for now. Pivots all find nothing zero in the pivot position. I get to the very end, which is u.""], 'expected_lecture': 4, 'k': 3, 'latency_s': 0.0136, 'question': 'How is LU related to elimination?', 'reranker': False, 'reranker_latency_s': 0.0, 'retrieved_lectures': [2, 5, 4], 'timestamps': ['29:21', '02:12', '07:07'], 'top_lecture': 2, 'top_lecture_correct': False}",
01a04ce4-8e0f-7122-ba22-557ffb1c4256,benchmark_question,2026-08-29 09:40:42.127232+00:00,2026-08-29 09:40:42.142715+00:00,0.015483,"{'case_id': 'R6', 'chunk_size': 1200, 'config_name': 'k_3', 'expected_lecture': 4, 'k': 3, 'question': 'In Lecture 4, why does the factorization A = LU matter?', 'reranker_on': False}","{'case_id': 'R6', 'chunk_size': 1200, 'config': 'k_3', 'evidence': [""is the most basic factorization of a matrix. It's, it's, I always worry that you will think this course is just, is all elimination. It's just row operations. And please don't. It's, it will, will be beyond that. But it's the right, it's, it's the right algebra to do first. Okay, so now I'm coming near the end of it, but I want to get it in a decent form. So my decent form is matrix form. I have a matrix a. Let's suppose it's a good matrix. I can do elimination. No row exchanges. So no row exchanges for now. Pivots all find nothing zero in the pivot position. I get to the very end, which is u."", ""and together they gave me an E that does both steps. And the net result was to get an I here. And you can tell me what that has to be. This is like the picture of what happened. If E multiplied A, whatever that E is, we never figured it out in this way. But whatever that E times A is, what's E times A? It's I. That E, whatever the heck it was, multiplied A and produced I. So E must be, EA equaling I tells us what E is. Namely, it is the inverse of A. Great. And therefore, when the second half, when E multiplies I, it's E, but that's A inverse. You see the picture looking that way? E times A is"", ""Maybe, maybe rather than saying left of A, left of U, let me write down again what I mean. E, A is U, whereas A is L U. Okay. Let me, let me make the point now in words. The, the order that the matrices come for L is the right order. The two and the five don't sort of interfere to produce this tent. In the, in the right order, the multipliers just fit in the matrix L. That's, that's the point. That the, so that, that if I want to know L, I've got, I've no work to do. I just keep a record of what those multipliers were. And that gives me L. So, so I'll draw the, draw the, so let me, let me stat""], 'expected_lecture': 4, 'k': 3, 'latency_s': 0.015, 'question': 'In Lecture 4, why does the factorization A = LU matter?', 'reranker': False, 'reranker_latency_s': 0.0, 'retrieved_lectures': [4, 3, 4], 'timestamps': ['07:07', '44:26', '22:41'], 'top_lecture': 4, 'top_lecture_correct': True}",
01a04ce4-8df9-7ab0-893d-e0fd9fa68a49,benchmark_question,2026-08-29 09:40:42.105200+00:00,2026-08-29 09:40:42.126753+00:00,0.021553,"{'case_id': 'R5', 'chunk_size': 1200, 'config_name': 'k_3', 'expected_lecture': 3, 'k': 3, 'question': 'What is discussed about inverse matrices in Lecture 3?', 'reranker_on': False}","{'case_id': 'R5', 'chunk_size': 1200, 'config': 'k_3', 'evidence': [""transposes come in the opposite order. So it's a inverse transpose times a transpose giving the identity. So that's, this equation, it just comes directly from that one. But this equation tells me what I wanted to know. Namely, what is the inverse of this guy a transpose? What's the inverse of that, if I transpose a matrix, what's, what's the inverse of the result? And this equation tells me that here it is. This is, this is the inverse of a transpose. Inverse of a transpose. I just, so I'll put a big circle around that because that's the answer, that's the best answer we could hope for. That "", ""a is invertible and b is invertible, then what matrix gives me the inverse of ab? So that's the direct question. What's the inverse of ab? Do I multiply those separate inverses? Yes. I multiply the two matrices, a inverse and b inverse, but what order do I multiply them? In reverse order. And you see why? So the right thing to put here is b inverse a inverse. That's the inverse I'm asking. We can just check that ab times that matrix gives the identity. Okay, so why? Once again it's this fact that I can move parentheses around. I can actually, I can just erase them all and do the multiplication"", ""So let me make the first step at what's the inverse matrix. All the matrices you've seen on this board have inverses. I didn't write any bad matrices down. We spoke about possible failure, and for a moment, we put in a matrix that would fail. But right now, all these matrices are good. They're all invertible. And let's take the inverse. Well, let me say first what does the inverse mean, and find it. Okay, so we're getting a little leg up on inverses. Okay, so this is the final moments of today. Ah, sorry, he's still there. Inverses. Okay, and I'm just going to take one example, and then we're ""], 'expected_lecture': 3, 'k': 3, 'latency_s': 0.0211, 'question': 'What is discussed about inverse matrices in Lecture 3?', 'reranker': False, 'reranker_latency_s': 0.0, 'retrieved_lectures': [4, 4, 2], 'timestamps': ['05:12', '01:56', '43:29'], 'top_lecture': 4, 'top_lecture_correct': False}",
01a04ce4-8ddf-77b0-b009-30d1e91b801a,benchmark_question,2026-08-29 09:40:42.079472+00:00,2026-08-29 09:40:42.104749+00:00,0.025277,"{'case_id': 'R4', 'chunk_size': 1200, 'config_name': 'k_3', 'expected_lecture': 2, 'k': 3, 'question': 'What is elimination and why do we use it?', 'reranker_on': False}","{'case_id': 'R4', 'chunk_size': 1200, 'config': 'k_3', 'evidence': [""Okay. This is it. This is then the second lecture in linear algebra. And I've put below my main topics for today. I put right there a system of equations that's going to be our example to work with. But what are we going to do with it? We're going to solve it. And the method of solution will not be determinants. Determinants are something that will come later. The method we'll use is called elimination. And it's the way every software package solves equations. And so an elimination, well if it succeeds it gets the answer. And normally it does succeed. If the matrix A that's coming into that sy"", ""It's a natural idea, and died earlier too. OK, so, but then, and you've seen the idea. But now the part that I want to show you is elimination expressed in matrix language. Because the whole course, all the key ideas get expressed as matrix operations, not as words. And one of the operations, of course, that we'll meet is how do we multiply matrices and why? OK, so there's a system of equations. Three equations in three unknowns. And there's the matrix, the three by three matrix. So this is the system ax equal b, you could say. This is our system to solve, ax equal. And the right-hand side is "", ""elimination, which is the systematic way that everybody, every bit of software, too, production, large-scale software would solve the equation. So the lecture that's coming up, if I was to add that to the syllabus, will be about how to find x, y, z in all cases. Can I just think again, though, about the big picture? By the big picture, I mean let's keep this same matrix on the left, but imagine that we have a different right-hand side. Oh, let me take a different right-hand side. So I'll change that right-hand side to something that actually is also pretty special. Let me change it to, suppose""], 'expected_lecture': 2, 'k': 3, 'latency_s': 0.0237, 'question': 'What is elimination and why do we use it?', 'reranker': False, 'reranker_latency_s': 0.0, 'retrieved_lectures': [2, 2, 1], 'timestamps': ['00:00', '01:54', '25:38'], 'top_lecture': 2, 'top_lecture_correct': True}",
01a04ce4-8db6-7e83-8433-657e33366c44,benchmark_question,2026-08-29 09:40:42.038981+00:00,2026-08-29 09:40:42.078978+00:00,0.039997,"{'case_id': 'R3', 'chunk_size': 1200, 'config_name': 'k_3', 'expected_lecture': 1, 'k': 3, 'question': 'What is a linear combination in the column picture?', 'reranker_on': False}","{'case_id': 'R3', 'chunk_size': 1200, 'config': 'k_3', 'evidence': [""this one in the right amounts to get that one. It's asking us to find the right linear combination. This is called a linear combination, and it's the most fundamental operation in the whole course. It's a linear combination of the columns. That's what we're seeing on the left side. Again, I don't want to write down a big definition. You can see what it is. There's column one, there's column two. I multiply by some numbers and I add. That's a combination, a linear combination, and I want to make those numbers the right numbers to produce zero three. Okay, now I want to draw a picture that repre"", ""equation, two in the second, and maybe minus three in the third. Just the second column of my matrix. And z times no z's, minus one z's, and four z's. And it's those three columns, right, that I have to combine to produce the right-hand side, which is zero, minus one, four. Okay. So what have we got on this left-hand side? A linear combination. It's a linear combination now of three vectors, and they happen to be, each one is a three-dimensional vector. So we want to know what combination of those three vectors produces that one. Shall I try to draw the column picture then? So since these vect"", ""is the first component and up two, it's here. There's column two. So this, again, you see what its components are. Its components are minus one, two. Good, that's this guy. Now what is, what, now I have to take a combination. What combination shall I take? Why not the right combination? What the hell? Okay, so what the combination I'm going to take is the right one to produce zero three and then we'll see it happen in the picture. So the right combination is to take x is one of those and two of these. It's because we already know that that's the right x and y, so why not take the correct combi""], 'expected_lecture': 1, 'k': 3, 'latency_s': 0.0396, 'question': 'What is a linear combination in the column picture?', 'reranker': False, 'reranker_latency_s': 0.0, 'retrieved_lectures': [1, 1, 1], 'timestamps': ['09:42', '22:22', '11:19'], 'top_lecture': 1, 'top_lecture_correct': True}",
01a04ce4-8d98-7670-9ed4-22b116f2f85a,benchmark_question,2026-08-29 09:40:42.008261+00:00,2026-08-29 09:40:42.038554+00:00,0.030293,"{'case_id': 'R2', 'chunk_size': 1200, 'config_name': 'k_3', 'expected_lecture': 1, 'k': 3, 'question': 'What is the column picture?', 'reranker_on': False}","{'case_id': 'R2', 'chunk_size': 1200, 'config': 'k_3', 'evidence': [""this one in the right amounts to get that one. It's asking us to find the right linear combination. This is called a linear combination, and it's the most fundamental operation in the whole course. It's a linear combination of the columns. That's what we're seeing on the left side. Again, I don't want to write down a big definition. You can see what it is. There's column one, there's column two. I multiply by some numbers and I add. That's a combination, a linear combination, and I want to make those numbers the right numbers to produce zero three. Okay, now I want to draw a picture that repre"", ""find it. The main point is that there is, that the three planes, because they're, you know, they're not parallel, they're not special, they do meet in one point, and that's the solution. But maybe you can see that this row picture is getting a little hard to see. The row picture was a cinch when we looked at two lines meeting. When we look at three planes meeting, it's not so clear and in four dimensions, probably a little less clear. So can I quit on the row picture? I'll quit on the row picture before I've successfully found the point where the three planes meet. All I really want to see is "", ""here's a, so I call that column one. And what's going in there is a times column one. Okay, so that's the picture of column at a time. So what does that tell me? What does that tell me about these columns? These columns of C are combinations, because we've seen that before, of columns of A. Every one of these comes from A times this and A times a vector is a combination of the columns of A. And, right, and it makes sense, because the columns of A have length n and the columns of C have length n. And every column of C is some combination of the columns of A. And it's these numbers in here that ""], 'expected_lecture': 1, 'k': 3, 'latency_s': 0.0273, 'question': 'What is the column picture?', 'reranker': False, 'reranker_latency_s': 0.0, 'retrieved_lectures': [1, 1, 3], 'timestamps': ['09:42', '20:56', '08:39'], 'top_lecture': 1, 'top_lecture_correct': True}",
01a04ce4-8d61-7df1-b599-af5ac3804522,benchmark_question,2026-08-29 09:40:41.953141+00:00,2026-08-29 09:40:42.007710+00:00,0.054569,"{'case_id': 'R1', 'chunk_size': 1200, 'config_name': 'k_3', 'expected_lecture': 1, 'k': 3, 'question': 'What is the row picture of a system of linear equations?', 'reranker_on': False}","{'case_id': 'R1', 'chunk_size': 1200, 'config': 'k_3', 'evidence': [""Let's just check this. If x is one, I have a minus one, plus four equals three. Okay, apologies for drawing this picture that you've seen before. But this, seeing the row picture, first of all, for n equal two, two equations and two unknowns, it's the right place to start. Okay, so we've got the solution, the point that lies on both lines. Now can I come to the column picture? Pay attention, this is the key point. So the column picture. I'm now going to look at the columns of the matrix. I'm going to look at this part and this part. I'm going to say that the x part is really, so it's really x "", ""Hi, this is the first lecture in MIT's course, 1806, linear algebra, and I'm Gilbert Strang. The text for the course is this book, Introduction to Linear Algebra, and the course webpage, which has got a lot of exercises from the past, MATLAB codes, the syllabus for the course is web.mit.edu slash 18.06, and this is the first lecture, lecture one. And later we'll say which will give the web address for viewing these videotapes. Okay, so what's in the first lecture? This is my plan, the fundamental problem of linear algebra, which is to solve a system of linear equations. So let's start with the"", ""right, even before the, before the pictures. So I always will think of this as the matrix a, the matrix of coefficients. Then there's a vector of unknowns. Here we've only got two unknowns. Later we'll have any number of unknowns. And that vector of unknowns, well I'll often, I'll make that x extra, extra bold. And the right hand side is also a vector that I'll always call b. So linear equations are ax equal b, and the idea now is to solve this particular example and then step back to see the bigger picture. Okay, what's the picture for this example, the row picture? Okay, so here comes the ro""], 'expected_lecture': 1, 'k': 3, 'latency_s': 0.0445, 'question': 'What is the row picture of a system of linear equations?', 'reranker': False, 'reranker_latency_s': 0.0, 'retrieved_lectures': [1, 1, 1], 'timestamps': ['08:10', '00:00', '03:37'], 'top_lecture': 1, 'top_lecture_correct': True}",
01a04ce4-8c71-7dd3-a250-244884edbf1a,benchmark_question,2026-08-29 09:40:41.713553+00:00,2026-08-29 09:40:41.753470+00:00,0.039917,"{'case_id': 'R8', 'chunk_size': 600, 'config_name': 'chunk_600', 'expected_lecture': 1, 'k': 3, 'question': 'What is the difference between the row picture and the column picture?', 'reranker_on': False}","{'case_id': 'R8', 'chunk_size': 600, 'config': 'chunk_600', 'evidence': [""chance to write down special matrices like this. This is a special matrix. All those rows lie on the same line. All those rows lie on the line through 1, 6. If I draw a picture of all these row vectors, they're all the same direction. If I draw a picture of these two column vectors, they're in the same direction. Later, I would use this language. I'm going not too much later either. I would say the row space, which is like all the combinations of the rows, is just a line for this matrix. The row space is the line through the vector"", ""here's a, so I call that column one. And what's going in there is a times column one. Okay, so that's the picture of column at a time. So what does that tell me? What does that tell me about these columns? These columns of C are combinations, because we've seen that before, of columns of A. Every one of these comes from A times this and A times a vector is a combination of the columns of A. And, right, and it makes sense, because the columns of A have length n and the columns of C have length n. And every column of C"", ""and the columns there are so short, but they're the same length, one inch. So what's the answer? What's the answer if I do 234 times 16? Just for practice. Well, what's the first row of the answer? 212. And the second row of the answer is 318. And the third row of the answer is 424. Actually, that's a very special matrix there. Very special matrix. What can you tell me about its columns, the columns of that matrix? They're multiples of this guy, right? They're multiples of that one. Which follows our rules? We said that the columns of the""], 'expected_lecture': 1, 'k': 3, 'latency_s': 0.0374, 'question': 'What is the difference between the row picture and the column picture?', 'reranker': False, 'reranker_latency_s': 0.0, 'retrieved_lectures': [3, 3, 3], 'timestamps': ['17:07', '08:39', '13:52'], 'top_lecture': 3, 'top_lecture_correct': False}",
01a04ce4-8c4d-7ff1-9dc9-e993232a8158,benchmark_question,2026-08-29 09:40:41.677841+00:00,2026-08-29 09:40:41.713150+00:00,0.035309,"{'case_id': 'R7', 'chunk_size': 600, 'config_name': 'chunk_600', 'expected_lecture': 4, 'k': 3, 'question': 'How is LU related to elimination?', 'reranker_on': False}","{'case_id': 'R7', 'chunk_size': 600, 'config': 'chunk_600', 'evidence': [""elimination that comes from matrix, doing it in matrix form. So it was a product of, of E's is, we can't see what that product of E's is. The, the matrix E is not particularly attractive. What's great is when we put them on the other side, they're inverses in the opposite order, there the L comes out just fine. Okay. Now, oh gosh, so today is a sort of like practical day. Can I, can we think together how expensive is elimination? How much, how many operations do we do? So what, so this is"", ""those multipliers were. And that gives me L. So, so I'll draw the, draw the, so let me, let me state it. So this is, this is the A equal L U. So if no row exchanges, the multipliers, those numbers that we multiplied rows by and subtracted when we did an elimination step, the multipliers go directly into L. Okay. So, so, so L is, this is the way to look at elimination. That the, you go through the elimination steps and actually, if you do it right, you can, you can throw away A as you create L and U. If you think about it, those steps of"", ""say some matrix A. Okay. Let's imagine it's 3 by 3. I won't write numbers down for now. So what's the first elimination step that I do, the first matrix I multiply it by? What letter will I use for that? It's the, it'll be e to what? Because it's the first step will be to get a, to get a 0 in that 2, 1 position. And then the next step will be to get a 0 in the 3, 1 position. And the final step will be to get a 0 in the 3, 2 position. That's what elimination is and it produces u. And again, no row exchange. We will, I'm taking""], 'expected_lecture': 4, 'k': 3, 'latency_s': 0.0349, 'question': 'How is LU related to elimination?', 'reranker': False, 'reranker_latency_s': 0.0, 'retrieved_lectures': [4, 4, 4], 'timestamps': ['25:36', '23:37', '14:10'], 'top_lecture': 4, 'top_lecture_correct': True}",
01a04ce4-8c31-7573-bebd-55c239661a44,benchmark_question,2026-08-29 09:40:41.649185+00:00,2026-08-29 09:40:41.677464+00:00,0.028279,"{'case_id': 'R6', 'chunk_size': 600, 'config_name': 'chunk_600', 'expected_lecture': 4, 'k': 3, 'question': 'In Lecture 4, why does the factorization A = LU matter?', 'reranker_on': False}","{'case_id': 'R6', 'chunk_size': 600, 'config': 'chunk_600', 'evidence': [""that we can now use. So now I put it to use. I put it to use by thinking we're, we're really completing the subject of elimination. Actually, I, the thing about elimination is it's, it's the right way to, to understand what the matrix has got. This a equal l u is the most basic factorization of a matrix. It's, it's, I always worry that you will think this course is just, is all elimination. It's just row operations. And please don't. It's, it will, will be beyond that. But it's the right, it's, it's the right algebra to do first. Okay, so now I'm coming near the end of it, but I want to get it"", ""But whatever that E times A is, what's E times A? It's I. That E, whatever the heck it was, multiplied A and produced I. So E must be, EA equaling I tells us what E is. Namely, it is the inverse of A. Great. And therefore, when the second half, when E multiplies I, it's E, but that's A inverse. You see the picture looking that way? E times A is the identity. It tells us what E has to be. It has to be the inverse. And therefore, on the right-hand side, where we just smartly tucked on the identity, it's turning in step by step. It's turning into A inverse. There is the statement of Gauss-Jordan "", ""So now what? Now the next point in the lecture is to put those steps together into a matrix that does it all, and see how it all happens. So now I'm going to express the whole everything we did today so far on A, was to start with A. We multiplied it by E two one. That was the first step. And then we multiplied that result by E three two. And that led us to this thing. And what was that matrix? U. You see why I like matrix notation? Because there in like little space, a few bits when it's compressed on the web is everything, is this whole lecture. OK. Now there are important facts about matrix""], 'expected_lecture': 4, 'k': 3, 'latency_s': 0.0278, 'question': 'In Lecture 4, why does the factorization A = LU matter?', 'reranker': False, 'reranker_latency_s': 0.0, 'retrieved_lectures': [4, 3, 2], 'timestamps': ['06:38', '44:59', '32:21'], 'top_lecture': 4, 'top_lecture_correct': True}",
01a04ce4-8c11-75a2-944c-18fc46b6ce37,benchmark_question,2026-08-29 09:40:41.617847+00:00,2026-08-29 09:40:41.648660+00:00,0.030813,"{'case_id': 'R5', 'chunk_size': 600, 'config_name': 'chunk_600', 'expected_lecture': 3, 'k': 3, 'question': 'What is discussed about inverse matrices in Lecture 3?', 'reranker_on': False}","{'case_id': 'R5', 'chunk_size': 600, 'config': 'chunk_600', 'evidence': [""on the other side. I have b inverse a inverse. That does multiply ab and this time it's these guys that give the identity, squeeze down, they give the identity, we're in shape. Okay, so there's the inverse. Good. While we're at it, let me do a transpose because the next lecture has got a lot to, it involves transposes. So how do I, if I transpose a matrix, I'm talking about square invertible matrices right now. If I transpose one, what's its inverse? Well the nice formula is, let's see, let me start from a, a inverse equal the identity."", ""So the inverses are all there. It's, it's a, it's a little family of matrices that like, they've got their own, if I multiply, I'm still inside this group. If I invert, I'm inside this group. Actually, group is the right name for this. It's a group of six matrices. And what about the inverses? What, what's the inverse of this guy, for example? What's the inverse? If I exchange rows one and two, what's the inverse matrix? Just tell me fast. The inverse of that matrix is, if I exchange rows one and two, then what I should do, to get back to where I started is the same thing. So this thing is its"", ""ready for the second topic, which is inverse. Okay. Ready for inverse. And let me do it for square matrices first. Okay. So I've got a square matrix A. And, and it may or may not have an inverse, right? Not all matrices have inverses. In fact, that's the most important question you can ask about the matrix is, if it's, if you know it's square, is it invertible or not? If it is invertible, then, then there is some other matrix, shall I call it A inverse? And what's the, what's if A inverse exists? So this is, if, there's a big if here. If""], 'expected_lecture': 3, 'k': 3, 'latency_s': 0.0304, 'question': 'What is discussed about inverse matrices in Lecture 3?', 'reranker': False, 'reranker_latency_s': 0.0, 'retrieved_lectures': [4, 4, 3], 'timestamps': ['03:44', '45:59', '21:23'], 'top_lecture': 4, 'top_lecture_correct': False}",
01a04ce4-8bf4-70c1-a07a-abf847d2d221,benchmark_question,2026-08-29 09:40:41.588611+00:00,2026-08-29 09:40:41.617466+00:00,0.028855,"{'case_id': 'R4', 'chunk_size': 600, 'config_name': 'chunk_600', 'expected_lecture': 2, 'k': 3, 'question': 'What is elimination and why do we use it?', 'reranker_on': False}","{'case_id': 'R4', 'chunk_size': 600, 'config': 'chunk_600', 'evidence': [""say some matrix A. Okay. Let's imagine it's 3 by 3. I won't write numbers down for now. So what's the first elimination step that I do, the first matrix I multiply it by? What letter will I use for that? It's the, it'll be e to what? Because it's the first step will be to get a, to get a 0 in that 2, 1 position. And then the next step will be to get a 0 in the 3, 1 position. And the final step will be to get a 0 in the 3, 2 position. That's what elimination is and it produces u. And again, no row exchange. We will, I'm taking"", ""elimination that comes from matrix, doing it in matrix form. So it was a product of, of E's is, we can't see what that product of E's is. The, the matrix E is not particularly attractive. What's great is when we put them on the other side, they're inverses in the opposite order, there the L comes out just fine. Okay. Now, oh gosh, so today is a sort of like practical day. Can I, can we think together how expensive is elimination? How much, how many operations do we do? So what, so this is"", ""This is our system to solve, ax equal. And the right-hand side is that vector 2, 12, 2. OK, now when I describe elimination, it gets to be a pain to keep writing the equal signs and the pluses and so on. It's that matrix that totally matters. Everything is in that matrix, but behind it is those equations. So what does elimination do? What's the first step of elimination? We accept the first equation, it's OK. I'm going to multiply that equation by the right number, the right multiplier, and I'm going to subtract it from the second equation, with what purpose?""], 'expected_lecture': 2, 'k': 3, 'latency_s': 0.0284, 'question': 'What is elimination and why do we use it?', 'reranker': False, 'reranker_latency_s': 0.0, 'retrieved_lectures': [4, 4, 2], 'timestamps': ['14:10', '25:36', '02:47'], 'top_lecture': 4, 'top_lecture_correct': False}",
01a04ce4-8bd2-7523-b334-f5665e98b35b,benchmark_question,2026-08-29 09:40:41.554535+00:00,2026-08-29 09:40:41.588218+00:00,0.033683,"{'case_id': 'R3', 'chunk_size': 600, 'config_name': 'chunk_600', 'expected_lecture': 1, 'k': 3, 'question': 'What is a linear combination in the column picture?', 'reranker_on': False}","{'case_id': 'R3', 'chunk_size': 600, 'config': 'chunk_600', 'evidence': [""You see the columns of the matrix, the columns of A are here, and the right hand side B is there. And now what is the equation asking for? It's asking us to find, somehow to combine that vector and this one in the right amounts to get that one. It's asking us to find the right linear combination. This is called a linear combination, and it's the most fundamental operation in the whole course. It's a linear combination of the columns. That's what we're seeing on the left side. Again, I don't want to write down a big definition. You can see what it is. There's column one, there's column two."", ""want to write down a big definition. You can see what it is. There's column one, there's column two. I multiply by some numbers and I add. That's a combination, a linear combination, and I want to make those numbers the right numbers to produce zero three. Okay, now I want to draw a picture that represents what this, this is algebra. What's the geometry? What's the picture that goes with it? Okay, so again these vectors have two components, so I better draw a picture like that. So can I put down these columns? I'll draw these columns as they are, and then I'll do a combination of them."", ""here's a, so I call that column one. And what's going in there is a times column one. Okay, so that's the picture of column at a time. So what does that tell me? What does that tell me about these columns? These columns of C are combinations, because we've seen that before, of columns of A. Every one of these comes from A times this and A times a vector is a combination of the columns of A. And, right, and it makes sense, because the columns of A have length n and the columns of C have length n. And every column of C""], 'expected_lecture': 1, 'k': 3, 'latency_s': 0.0333, 'question': 'What is a linear combination in the column picture?', 'reranker': False, 'reranker_latency_s': 0.0, 'retrieved_lectures': [1, 1, 3], 'timestamps': ['09:26', '10:11', '08:39'], 'top_lecture': 1, 'top_lecture_correct': True}",
01a04ce4-8bb5-7532-8633-09be903ac883,benchmark_question,2026-08-29 09:40:41.525831+00:00,2026-08-29 09:40:41.554172+00:00,0.028341,"{'case_id': 'R2', 'chunk_size': 600, 'config_name': 'chunk_600', 'expected_lecture': 1, 'k': 3, 'question': 'What is the column picture?', 'reranker_on': False}","{'case_id': 'R2', 'chunk_size': 600, 'config': 'chunk_600', 'evidence': [""here's a, so I call that column one. And what's going in there is a times column one. Okay, so that's the picture of column at a time. So what does that tell me? What does that tell me about these columns? These columns of C are combinations, because we've seen that before, of columns of A. Every one of these comes from A times this and A times a vector is a combination of the columns of A. And, right, and it makes sense, because the columns of A have length n and the columns of C have length n. And every column of C"", ""want to write down a big definition. You can see what it is. There's column one, there's column two. I multiply by some numbers and I add. That's a combination, a linear combination, and I want to make those numbers the right numbers to produce zero three. Okay, now I want to draw a picture that represents what this, this is algebra. What's the geometry? What's the picture that goes with it? Okay, so again these vectors have two components, so I better draw a picture like that. So can I put down these columns? I'll draw these columns as they are, and then I'll do a combination of them."", ""and the columns there are so short, but they're the same length, one inch. So what's the answer? What's the answer if I do 234 times 16? Just for practice. Well, what's the first row of the answer? 212. And the second row of the answer is 318. And the third row of the answer is 424. Actually, that's a very special matrix there. Very special matrix. What can you tell me about its columns, the columns of that matrix? They're multiples of this guy, right? They're multiples of that one. Which follows our rules? We said that the columns of the""], 'expected_lecture': 1, 'k': 3, 'latency_s': 0.0264, 'question': 'What is the column picture?', 'reranker': False, 'reranker_latency_s': 0.0, 'retrieved_lectures': [3, 1, 3], 'timestamps': ['08:39', '10:11', '13:52'], 'top_lecture': 3, 'top_lecture_correct': False}",
01a04ce4-8b95-7a30-b277-ed06ddbe193b,benchmark_question,2026-08-29 09:40:41.493034+00:00,2026-08-29 09:40:41.525444+00:00,0.03241,"{'case_id': 'R1', 'chunk_size': 600, 'config_name': 'chunk_600', 'expected_lecture': 1, 'k': 3, 'question': 'What is the row picture of a system of linear equations?', 'reranker_on': False}","{'case_id': 'R1', 'chunk_size': 600, 'config': 'chunk_600', 'evidence': [""This is my plan, the fundamental problem of linear algebra, which is to solve a system of linear equations. So let's start with the case when we have some number of equations, say n equations and n unknowns. So an equal number of equations and unknowns, that's the normal nice case. And what I want to do is, with examples of course, to describe first what I call the row picture. That's the picture of one equation at a time. It's the picture you've seen before in two by two equations where lines meet. So in a minute you'll see lines meeting."", ""All I really want to see is that the row picture consists of three planes, and if everything works right, three planes meet in one point and that's a solution. Now, you can tell I prefer the column picture. Okay, so let me take the column picture. That's x times, so there were two x's in the first equation, minus one x's, I'm just taking, no x's in the third, it's just the first column of that. And how many y's are there? There's minus one in the first equation, two in the second, and maybe minus three in the third. Just the second column of my matrix."", ""two by two equations where lines meet. So in a minute you'll see lines meeting. The second picture, I'll put a star beside that, because that's such an important one. And maybe new to you is the picture a column at a time. And those are the rows and columns of a matrix. So the third, the algebra way to look at the problem is the matrix form in using a matrix that I'll call a. Okay, so can I do an example? The whole semester will be examples and then see what's going on with the example. So take an example. Two equations, two unknowns. So let me take""], 'expected_lecture': 1, 'k': 3, 'latency_s': 0.032, 'question': 'What is the row picture of a system of linear equations?', 'reranker': False, 'reranker_latency_s': 0.0, 'retrieved_lectures': [1, 1, 1], 'timestamps': ['01:02', '21:45', '01:43'], 'top_lecture': 1, 'top_lecture_correct': True}",
01a04ce4-8b74-75b0-8863-39a07227a248,benchmark_question,2026-08-29 09:40:41.460176+00:00,2026-08-29 09:40:41.487971+00:00,0.027795,"{'case_id': 'R8', 'chunk_size': 1200, 'config_name': 'chunk_1200', 'expected_lecture': 1, 'k': 3, 'question': 'What is the difference between the row picture and the column picture?', 'reranker_on': False}","{'case_id': 'R8', 'chunk_size': 1200, 'config': 'chunk_1200', 'evidence': [""different from taking a row times a column. So a column of A was, what's the shape of a column of A? M by 1. A column of A is a column. It's got M entries and one column. And what's a row of B? It's got one row and P columns. So what's the shape, what do I get if I multiply a column by a row? I get a big matrix. I get a full size matrix. If I multiply a column by a row, I get, shall we just do one? Let me take the column 234 times the row 16. That is that product there. I mean, I'm just following the rules of matrix multiplication. Those rules are just looking like kind of petite, kind of smal"", ""what will the answer be for that matrix multiplication? Well, this one is just going to give us 0. So in fact, I'm back to this, that's the answer for that matrix multiplication. I'm sort of like happy to put up here these facts about matrix multiplication because it gives me a chance to write down special matrices like this. This is a special matrix. All those rows lie on the same line. All those rows lie on the line through 1, 6. If I draw a picture of all these row vectors, they're all the same direction. If I draw a picture of these two column vectors, they're in the same direction. Later,"", ""here's a, so I call that column one. And what's going in there is a times column one. Okay, so that's the picture of column at a time. So what does that tell me? What does that tell me about these columns? These columns of C are combinations, because we've seen that before, of columns of A. Every one of these comes from A times this and A times a vector is a combination of the columns of A. And, right, and it makes sense, because the columns of A have length n and the columns of C have length n. And every column of C is some combination of the columns of A. And it's these numbers in here that ""], 'expected_lecture': 1, 'k': 3, 'latency_s': 0.0274, 'question': 'What is the difference between the row picture and the column picture?', 'reranker': False, 'reranker_latency_s': 0.0, 'retrieved_lectures': [3, 3, 3], 'timestamps': ['12:44', '16:43', '08:39'], 'top_lecture': 3, 'top_lecture_correct': False}",
01a04ce4-8b47-78f0-a8a6-ad2b6fc58063,benchmark_question,2026-08-29 09:40:41.415835+00:00,2026-08-29 09:40:41.458320+00:00,0.042485,"{'case_id': 'R7', 'chunk_size': 1200, 'config_name': 'chunk_1200', 'expected_lecture': 4, 'k': 3, 'question': 'How is LU related to elimination?', 'reranker_on': False}","{'case_id': 'R7', 'chunk_size': 1200, 'config': 'chunk_1200', 'evidence': [""It's the matrix that we needed to get this two one position to be zero. OK, good enough. So what do I do next? I need another matrix, right? I need to, there's another step here. And I want to express the whole elimination process in matrix language. So tell me what now, so next step, step two, which was what? Subtract, what was the actual step that we did? I think I subtracted, do you remember? I had a two in the pivot and a four below it, so I subtracted two times row two from row three. From row three. Tell me the matrix that'll do that. And tell me its name. OK, it's going to be E for elem"", ""And you've seen that already, and I just want to collect the ideas together. And in principle, I could even have to do that two times, or more times. So I have to allow, to complete the theory, the possibility that I take my matrix A, I start elimination, I find out that I need row exchanges, and I do it and continue and I finish. Okay, then all I want to do is say, and I won't make a big project out of this, what happens to A equal L u? So A equal L u, L u, this was a matrix L with ones on the diagonal and zeros above and multipliers below, and this u we know, with zeros down here, that's onl"", ""is the most basic factorization of a matrix. It's, it's, I always worry that you will think this course is just, is all elimination. It's just row operations. And please don't. It's, it will, will be beyond that. But it's the right, it's, it's the right algebra to do first. Okay, so now I'm coming near the end of it, but I want to get it in a decent form. So my decent form is matrix form. I have a matrix a. Let's suppose it's a good matrix. I can do elimination. No row exchanges. So no row exchanges for now. Pivots all find nothing zero in the pivot position. I get to the very end, which is u.""], 'expected_lecture': 4, 'k': 3, 'latency_s': 0.0409, 'question': 'How is LU related to elimination?', 'reranker': False, 'reranker_latency_s': 0.0, 'retrieved_lectures': [2, 5, 4], 'timestamps': ['29:21', '02:12', '07:07'], 'top_lecture': 2, 'top_lecture_correct': False}",
01a04ce4-8aeb-7b10-bad5-dc42b19c6509,benchmark_question,2026-08-29 09:40:41.323508+00:00,2026-08-29 09:40:41.415369+00:00,0.091861,"{'case_id': 'R6', 'chunk_size': 1200, 'config_name': 'chunk_1200', 'expected_lecture': 4, 'k': 3, 'question': 'In Lecture 4, why does the factorization A = LU matter?', 'reranker_on': False}","{'case_id': 'R6', 'chunk_size': 1200, 'config': 'chunk_1200', 'evidence': [""is the most basic factorization of a matrix. It's, it's, I always worry that you will think this course is just, is all elimination. It's just row operations. And please don't. It's, it will, will be beyond that. But it's the right, it's, it's the right algebra to do first. Okay, so now I'm coming near the end of it, but I want to get it in a decent form. So my decent form is matrix form. I have a matrix a. Let's suppose it's a good matrix. I can do elimination. No row exchanges. So no row exchanges for now. Pivots all find nothing zero in the pivot position. I get to the very end, which is u."", ""and together they gave me an E that does both steps. And the net result was to get an I here. And you can tell me what that has to be. This is like the picture of what happened. If E multiplied A, whatever that E is, we never figured it out in this way. But whatever that E times A is, what's E times A? It's I. That E, whatever the heck it was, multiplied A and produced I. So E must be, EA equaling I tells us what E is. Namely, it is the inverse of A. Great. And therefore, when the second half, when E multiplies I, it's E, but that's A inverse. You see the picture looking that way? E times A is"", ""Maybe, maybe rather than saying left of A, left of U, let me write down again what I mean. E, A is U, whereas A is L U. Okay. Let me, let me make the point now in words. The, the order that the matrices come for L is the right order. The two and the five don't sort of interfere to produce this tent. In the, in the right order, the multipliers just fit in the matrix L. That's, that's the point. That the, so that, that if I want to know L, I've got, I've no work to do. I just keep a record of what those multipliers were. And that gives me L. So, so I'll draw the, draw the, so let me, let me stat""], 'expected_lecture': 4, 'k': 3, 'latency_s': 0.0911, 'question': 'In Lecture 4, why does the factorization A = LU matter?', 'reranker': False, 'reranker_latency_s': 0.0, 'retrieved_lectures': [4, 3, 4], 'timestamps': ['07:07', '44:26', '22:41'], 'top_lecture': 4, 'top_lecture_correct': True}",
01a04ce4-8acd-7600-8939-7ea5bd221d13,benchmark_question,2026-08-29 09:40:41.293710+00:00,2026-08-29 09:40:41.323072+00:00,0.029362,"{'case_id': 'R5', 'chunk_size': 1200, 'config_name': 'chunk_1200', 'expected_lecture': 3, 'k': 3, 'question': 'What is discussed about inverse matrices in Lecture 3?', 'reranker_on': False}","{'case_id': 'R5', 'chunk_size': 1200, 'config': 'chunk_1200', 'evidence': [""transposes come in the opposite order. So it's a inverse transpose times a transpose giving the identity. So that's, this equation, it just comes directly from that one. But this equation tells me what I wanted to know. Namely, what is the inverse of this guy a transpose? What's the inverse of that, if I transpose a matrix, what's, what's the inverse of the result? And this equation tells me that here it is. This is, this is the inverse of a transpose. Inverse of a transpose. I just, so I'll put a big circle around that because that's the answer, that's the best answer we could hope for. That "", ""a is invertible and b is invertible, then what matrix gives me the inverse of ab? So that's the direct question. What's the inverse of ab? Do I multiply those separate inverses? Yes. I multiply the two matrices, a inverse and b inverse, but what order do I multiply them? In reverse order. And you see why? So the right thing to put here is b inverse a inverse. That's the inverse I'm asking. We can just check that ab times that matrix gives the identity. Okay, so why? Once again it's this fact that I can move parentheses around. I can actually, I can just erase them all and do the multiplication"", ""So let me make the first step at what's the inverse matrix. All the matrices you've seen on this board have inverses. I didn't write any bad matrices down. We spoke about possible failure, and for a moment, we put in a matrix that would fail. But right now, all these matrices are good. They're all invertible. And let's take the inverse. Well, let me say first what does the inverse mean, and find it. Okay, so we're getting a little leg up on inverses. Okay, so this is the final moments of today. Ah, sorry, he's still there. Inverses. Okay, and I'm just going to take one example, and then we're ""], 'expected_lecture': 3, 'k': 3, 'latency_s': 0.0289, 'question': 'What is discussed about inverse matrices in Lecture 3?', 'reranker': False, 'reranker_latency_s': 0.0, 'retrieved_lectures': [4, 4, 2], 'timestamps': ['05:12', '01:56', '43:29'], 'top_lecture': 4, 'top_lecture_correct': False}",
01a04ce4-8aa6-7d82-ac62-682bff9227f4,benchmark_question,2026-08-29 09:40:41.254275+00:00,2026-08-29 09:40:41.293270+00:00,0.038995,"{'case_id': 'R4', 'chunk_size': 1200, 'config_name': 'chunk_1200', 'expected_lecture': 2, 'k': 3, 'question': 'What is elimination and why do we use it?', 'reranker_on': False}","{'case_id': 'R4', 'chunk_size': 1200, 'config': 'chunk_1200', 'evidence': [""Okay. This is it. This is then the second lecture in linear algebra. And I've put below my main topics for today. I put right there a system of equations that's going to be our example to work with. But what are we going to do with it? We're going to solve it. And the method of solution will not be determinants. Determinants are something that will come later. The method we'll use is called elimination. And it's the way every software package solves equations. And so an elimination, well if it succeeds it gets the answer. And normally it does succeed. If the matrix A that's coming into that sy"", ""It's a natural idea, and died earlier too. OK, so, but then, and you've seen the idea. But now the part that I want to show you is elimination expressed in matrix language. Because the whole course, all the key ideas get expressed as matrix operations, not as words. And one of the operations, of course, that we'll meet is how do we multiply matrices and why? OK, so there's a system of equations. Three equations in three unknowns. And there's the matrix, the three by three matrix. So this is the system ax equal b, you could say. This is our system to solve, ax equal. And the right-hand side is "", ""elimination, which is the systematic way that everybody, every bit of software, too, production, large-scale software would solve the equation. So the lecture that's coming up, if I was to add that to the syllabus, will be about how to find x, y, z in all cases. Can I just think again, though, about the big picture? By the big picture, I mean let's keep this same matrix on the left, but imagine that we have a different right-hand side. Oh, let me take a different right-hand side. So I'll change that right-hand side to something that actually is also pretty special. Let me change it to, suppose""], 'expected_lecture': 2, 'k': 3, 'latency_s': 0.0362, 'question': 'What is elimination and why do we use it?', 'reranker': False, 'reranker_latency_s': 0.0, 'retrieved_lectures': [2, 2, 1], 'timestamps': ['00:00', '01:54', '25:38'], 'top_lecture': 2, 'top_lecture_correct': True}",
01a04ce4-8a91-7a41-8156-a598c49045b0,benchmark_question,2026-08-29 09:40:41.233922+00:00,2026-08-29 09:40:41.253843+00:00,0.019921,"{'case_id': 'R3', 'chunk_size': 1200, 'config_name': 'chunk_1200', 'expected_lecture': 1, 'k': 3, 'question': 'What is a linear combination in the column picture?', 'reranker_on': False}","{'case_id': 'R3', 'chunk_size': 1200, 'config': 'chunk_1200', 'evidence': [""this one in the right amounts to get that one. It's asking us to find the right linear combination. This is called a linear combination, and it's the most fundamental operation in the whole course. It's a linear combination of the columns. That's what we're seeing on the left side. Again, I don't want to write down a big definition. You can see what it is. There's column one, there's column two. I multiply by some numbers and I add. That's a combination, a linear combination, and I want to make those numbers the right numbers to produce zero three. Okay, now I want to draw a picture that repre"", ""equation, two in the second, and maybe minus three in the third. Just the second column of my matrix. And z times no z's, minus one z's, and four z's. And it's those three columns, right, that I have to combine to produce the right-hand side, which is zero, minus one, four. Okay. So what have we got on this left-hand side? A linear combination. It's a linear combination now of three vectors, and they happen to be, each one is a three-dimensional vector. So we want to know what combination of those three vectors produces that one. Shall I try to draw the column picture then? So since these vect"", ""is the first component and up two, it's here. There's column two. So this, again, you see what its components are. Its components are minus one, two. Good, that's this guy. Now what is, what, now I have to take a combination. What combination shall I take? Why not the right combination? What the hell? Okay, so what the combination I'm going to take is the right one to produce zero three and then we'll see it happen in the picture. So the right combination is to take x is one of those and two of these. It's because we already know that that's the right x and y, so why not take the correct combi""], 'expected_lecture': 1, 'k': 3, 'latency_s': 0.0195, 'question': 'What is a linear combination in the column picture?', 'reranker': False, 'reranker_latency_s': 0.0, 'retrieved_lectures': [1, 1, 1], 'timestamps': ['09:42', '22:22', '11:19'], 'top_lecture': 1, 'top_lecture_correct': True}",
01a04ce4-8a79-7871-8ce6-9a8a15276a08,benchmark_question,2026-08-29 09:40:41.209579+00:00,2026-08-29 09:40:41.233456+00:00,0.023877,"{'case_id': 'R2', 'chunk_size': 1200, 'config_name': 'chunk_1200', 'expected_lecture': 1, 'k': 3, 'question': 'What is the column picture?', 'reranker_on': False}","{'case_id': 'R2', 'chunk_size': 1200, 'config': 'chunk_1200', 'evidence': [""this one in the right amounts to get that one. It's asking us to find the right linear combination. This is called a linear combination, and it's the most fundamental operation in the whole course. It's a linear combination of the columns. That's what we're seeing on the left side. Again, I don't want to write down a big definition. You can see what it is. There's column one, there's column two. I multiply by some numbers and I add. That's a combination, a linear combination, and I want to make those numbers the right numbers to produce zero three. Okay, now I want to draw a picture that repre"", ""find it. The main point is that there is, that the three planes, because they're, you know, they're not parallel, they're not special, they do meet in one point, and that's the solution. But maybe you can see that this row picture is getting a little hard to see. The row picture was a cinch when we looked at two lines meeting. When we look at three planes meeting, it's not so clear and in four dimensions, probably a little less clear. So can I quit on the row picture? I'll quit on the row picture before I've successfully found the point where the three planes meet. All I really want to see is "", ""here's a, so I call that column one. And what's going in there is a times column one. Okay, so that's the picture of column at a time. So what does that tell me? What does that tell me about these columns? These columns of C are combinations, because we've seen that before, of columns of A. Every one of these comes from A times this and A times a vector is a combination of the columns of A. And, right, and it makes sense, because the columns of A have length n and the columns of C have length n. And every column of C is some combination of the columns of A. And it's these numbers in here that ""], 'expected_lecture': 1, 'k': 3, 'latency_s': 0.0233, 'question': 'What is the column picture?', 'reranker': False, 'reranker_latency_s': 0.0, 'retrieved_lectures': [1, 1, 3], 'timestamps': ['09:42', '20:56', '08:39'], 'top_lecture': 1, 'top_lecture_correct': True}",
01a04ce4-89a6-77f0-a641-e0f863e73413,benchmark_question,2026-08-29 09:40:40.998396+00:00,2026-08-29 09:40:41.208801+00:00,0.210405,"{'case_id': 'R1', 'chunk_size': 1200, 'config_name': 'chunk_1200', 'expected_lecture': 1, 'k': 3, 'question': 'What is the row picture of a system of linear equations?', 'reranker_on': False}","{'case_id': 'R1', 'chunk_size': 1200, 'config': 'chunk_1200', 'evidence': [""Let's just check this. If x is one, I have a minus one, plus four equals three. Okay, apologies for drawing this picture that you've seen before. But this, seeing the row picture, first of all, for n equal two, two equations and two unknowns, it's the right place to start. Okay, so we've got the solution, the point that lies on both lines. Now can I come to the column picture? Pay attention, this is the key point. So the column picture. I'm now going to look at the columns of the matrix. I'm going to look at this part and this part. I'm going to say that the x part is really, so it's really x "", ""Hi, this is the first lecture in MIT's course, 1806, linear algebra, and I'm Gilbert Strang. The text for the course is this book, Introduction to Linear Algebra, and the course webpage, which has got a lot of exercises from the past, MATLAB codes, the syllabus for the course is web.mit.edu slash 18.06, and this is the first lecture, lecture one. And later we'll say which will give the web address for viewing these videotapes. Okay, so what's in the first lecture? This is my plan, the fundamental problem of linear algebra, which is to solve a system of linear equations. So let's start with the"", ""right, even before the, before the pictures. So I always will think of this as the matrix a, the matrix of coefficients. Then there's a vector of unknowns. Here we've only got two unknowns. Later we'll have any number of unknowns. And that vector of unknowns, well I'll often, I'll make that x extra, extra bold. And the right hand side is also a vector that I'll always call b. So linear equations are ax equal b, and the idea now is to solve this particular example and then step back to see the bigger picture. Okay, what's the picture for this example, the row picture? Okay, so here comes the ro""], 'expected_lecture': 1, 'k': 3, 'latency_s': 0.1724, 'question': 'What is the row picture of a system of linear equations?', 'reranker': False, 'reranker_latency_s': 0.0, 'retrieved_lectures': [1, 1, 1], 'timestamps': ['08:10', '00:00', '03:37'], 'top_lecture': 1, 'top_lecture_correct': True}",
